,StationID,Longitude,Latitude,Capacity,Prediction
0,72,-73.99392888,40.76727216,55,1.0
1,79,-74.00666661,40.71911552,33,1.0
2,82,-74.00016545,40.71117416,27,1.0
3,83,-73.97632328,40.68382604,62,1.0
4,116,-74.00149746,40.74177603,0,1.0
5,119,-73.97803415,40.69608941,53,1.0
6,120,-73.95928168,40.68676793,19,1.0
7,127,-74.00674436,40.73172428,31,1.0
8,128,-74.00297088,40.72710258,56,1.0
9,143,-73.99337909,40.69239502,24,1.0
10,144,-73.98068914,40.69839895,58,1.0
11,146,-74.0091059,40.71625008,39,1.0
12,150,-73.98085795,40.7208736,55,1.0
13,151,-73.997249007225,40.722103786686,33,1.0
14,152,-74.00910627,40.71473993,49,1.0
15,157,-73.99612349,40.69089272,23,1.0
16,161,-73.99810231,40.72917025,35,1.0
17,164,-73.97032517,40.75323098,27,1.0
18,168,-73.99456405,40.73971301,47,1.0
19,173,-73.9845272898674,40.7606832709659,70,2.0
20,174,-73.97738662,40.7381765,30,1.0
21,212,-74.00681753,40.74334935,60,1.0
22,216,-73.99548059,40.70037867,37,1.0
23,217,-73.99383605,40.70277159,39,1.0
24,223,-73.99994661,40.73781509,33,1.0
25,224,-74.00552427,40.71146364,30,1.0
26,228,-73.971878855,40.7546011026,55,1.0
27,229,-73.99379025,40.72743423,23,1.0
28,236,-73.98713956,40.7284186,47,1.0
29,237,-73.98672378,40.73047309,1,1.0
30,238,-74.00859207,40.7361967,31,1.0
31,239,-73.9813018,40.69196566,31,1.0
32,241,-73.97493121,40.68981035,23,1.0
33,242,-73.973736,40.697787,46,1.0
34,244,-73.96536851,40.69196035,31,1.0
35,245,-73.97703874,40.69327018,23,1.0
36,247,-74.00483091,40.73535398,55,1.0
37,248,-74.00771779,40.72185379,99,1.0
38,249,-74.0090009,40.71870987,27,1.0
39,250,-73.99565293,40.72456089,40,1.0
40,251,-73.99480012,40.72317958,27,1.0
41,252,-73.99852205,40.73226398,33,1.0
42,254,-73.99800419,40.73532427,47,1.0
43,257,-74.00247214,40.71939226,39,1.0
44,258,-73.96885458,40.68940747,23,1.0
45,259,-74.01234218,40.70122128,39,1.0
46,260,-74.01167797,40.70365182,33,1.0
47,261,-73.98362464,40.69474881,41,1.0
48,262,-73.9737299,40.6917823,24,1.0
49,264,-74.00731853,40.70706456,27,1.0
50,265,-73.99147535,40.72229346,35,1.0
51,267,-73.98765428,40.75097711,70,1.0
52,268,-73.99973337,40.71910537,27,1.0
53,270,-73.97178913,40.69308257,23,1.0
54,274,-73.976682,40.68691865,31,1.0
55,275,-73.96563307,40.68650065,19,1.0
56,276,-74.0104554,40.71748752,25,1.0
57,278,-73.98476437,40.69766564,19,1.0
58,280,-73.99510132,40.73331967,0,1.0
59,281,-73.97371465,40.7643971,66,1.0
60,282,-73.9684152603149,40.7076449441757,27,1.0
61,284,-74.0026376103,40.7390169121,51,1.0
62,285,-73.99074142,40.73454567,53,1.0
63,289,-73.95881081,40.6845682999999,19,1.0
64,291,-73.984844,40.713126,20,1.0
65,293,-73.9910262823104,40.7302066052995,55,1.0
66,295,-73.99293911,40.71406667,24,1.0
67,297,-73.986923,40.734232,77,1.0
68,298,-73.9796772,40.68683208,35,1.0
69,301,-73.98368779,40.72217444,58,1.0
70,302,-73.97793172,40.72082834,23,1.0
71,303,-73.99949601,40.72362738,67,1.0
72,304,-74.01361706,40.70463334,33,1.0
73,305,-73.96724467,40.76095756,33,1.0
74,307,-73.98990025,40.71427487,30,1.0
75,308,-73.99851193,40.71307916,48,1.0
76,309,-74.013012,40.7149787,41,1.0
77,310,-73.98912867,40.68926942,66,1.0
78,311,-73.98802084,40.7172274,31,1.0
79,312,-73.989111,40.722055,33,1.0
80,313,-73.96751037,40.69610226,55,1.0
81,315,-74.00670227,40.70355377,29,1.0
82,316,-74.00653609,40.70955958,43,1.0
83,317,-73.98185424,40.72453734,54,1.0
84,319,-74.009447,40.7110659999999,33,1.0
85,320,-74.005549,40.717571,39,1.0
86,321,-73.98971773,40.69991755,39,1.0
87,323,-73.98631746,40.69236178,39,1.0
88,324,-73.981013,40.689888,74,1.0
89,325,-73.98473765,40.73624527,35,1.0
90,326,-73.98426726,40.72953837,0,1.0
91,327,-74.01658354,40.7153378999999,39,1.0
92,328,-74.00965965,40.72405549,23,1.0
93,330,-74.00562789,40.71450451,39,1.0
94,331,-73.99193043,40.71173107,27,1.0
95,332,-73.97948148,40.71219906,36,1.0
96,334,-73.99726235,40.74238787,31,1.0
97,335,-73.99404649,40.72903917,27,1.0
98,336,-73.99906065,40.73047747,36,1.0
99,340,-73.98776323,40.71269042,27,1.0
100,341,-73.97628939,40.71782143,19,1.0
101,342,-73.98016555,40.71739973,29,1.0
102,343,-73.96986848,40.69794,23,1.0
103,344,-73.95380904,40.6851443,23,1.0
104,346,-74.00618026,40.73652889,27,1.0
105,347,-74.008591,40.728846,54,1.0
106,349,-73.98329859,40.71850211,61,1.0
107,350,-73.9870295,40.71559509,47,1.0
108,351,-74.00612572,40.70530954,39,1.0
109,353,-73.97431458,40.68539567,27,1.0
110,354,-73.96223558,40.69363137,47,1.0
111,355,-73.99974372,40.71602118,43,1.0
112,356,-73.98261206,40.71622644,23,1.0
113,358,-74.00711384,40.73291553,50,1.0
114,359,-73.97498696,40.75510267,78,1.0
115,360,-74.00887308,40.70717936,39,1.0
116,361,-73.99190759,40.71605866,43,1.0
117,362,-73.98753523,40.75172632,57,1.0
118,363,-74.01713445,40.70834698,0,1.0
119,364,-73.96023854,40.68900443,27,1.0
120,366,-73.968896,40.693261,33,1.0
121,367,-73.97069431,40.75828065,43,1.0
122,368,-74.00214988,40.73038599,47,1.0
123,369,-74.00026394,40.73224119,76,1.0
124,372,-73.9580136537551,40.694546087246,27,1.0
125,373,-73.95381995,40.69331716,19,1.0
126,376,-74.00722156,40.70862144,43,1.0
127,377,-74.00566443,40.72243797,48,1.0
128,379,-73.9916,40.749156,56,1.0
129,380,-74.00293877,40.73401143,42,1.0
130,383,-74.000271,40.735238,39,1.0
131,385,-73.96603308,40.75797322,29,1.0
132,386,-74.00234482,40.71494807,82,1.0
133,387,-74.0046073,40.71273266,39,1.0
134,388,-74.002950346,40.749717753,35,1.0
135,389,-73.96525063,40.71044554,27,1.0
136,390,-73.9842844,40.69221589,31,1.0
137,391,-73.99344559,40.69760127,0,1.0
138,392,-73.987167,40.695065,35,1.0
139,393,-73.97995466,40.72299208,37,1.0
140,394,-73.97768752,40.72521311,0,1.0
141,396,-73.9557689392,40.680342423,25,1.0
142,397,-73.96922273,40.68415748,75,1.0
143,398,-73.9999785999999,40.69165183,31,1.0
144,399,-73.9647628,40.68851534,39,1.0
145,400,-73.98178024,40.71926081,15,1.0
146,401,-73.98997825,40.72019576,42,1.0
147,402,-73.98955109,40.7403432,39,1.0
148,403,-73.99069656,40.72502876,31,1.0
149,405,-74.008119,40.739323,51,1.0
150,406,-73.99595065,40.69512845,20,1.0
151,408,-73.99400398,40.71076228,23,1.0
152,410,-73.98517977,40.72066442,45,1.0
153,411,-73.97668709,40.72228087,31,1.0
154,412,-73.99422366,40.7158155,29,1.0
155,415,-74.00926027,40.7047177,46,1.0
156,416,-73.97265183,40.68753406,31,1.0
157,417,-74.01020234,40.71291224,25,1.0
158,418,-73.982578,40.70224,37,1.0
159,419,-73.97355569,40.69580705,23,1.0
160,420,-73.96968902,40.68764484,51,1.0
161,421,-73.97129668,40.69573398,19,1.0
162,422,-73.988038,40.770513,78,1.0
163,423,-73.98690506,40.76584941,27,1.0
164,426,-74.01322069,40.71754834,30,1.0
165,427,-74.013942,40.701907,47,1.0
166,432,-73.98379855,40.72621788,31,1.0
167,434,-74.00366443,40.74317449,60,1.0
168,435,-73.99415556,40.74173969,50,1.0
169,436,-73.95399026,40.68216564,27,1.0
170,437,-73.9500479759,40.6809833854,24,1.0
171,438,-73.98564945,40.72779126,47,1.0
172,439,-73.98978041,40.7262807,43,1.0
173,440,-73.97282625,40.75255434,32,1.0
174,442,-73.993915,40.7466469999999,51,1.0
175,443,-73.96408963,40.70853074,23,1.0
176,445,-73.98142006,40.72740794,80,1.0
177,446,-73.99529885,40.74487634,79,1.0
178,447,-73.9851615,40.76370739,31,1.0
179,448,-73.9979009,40.75660359,27,1.0
180,450,-73.98788205,40.76227205,67,1.0
181,453,-73.99915362,40.74475148,66,1.0
182,454,-73.96592976,40.75455731,35,1.0
183,455,-73.96905301,40.75001986,59,1.0
184,456,-73.97402311,40.7597107999999,34,1.0
185,458,-74.005226,40.751396,31,1.0
186,460,-73.96590294,40.71285887,25,1.0
187,461,-73.98205027,40.73587678,56,1.0
188,462,-74.00451887,40.74691959,77,1.0
189,464,-73.96759673,40.75934501,53,1.0
190,465,-73.98658032,40.75513557,39,1.0
191,466,-73.99144871,40.74395411,35,1.0
192,467,-73.97895137,40.68312489,34,1.0
193,468,-73.98192338,40.7652654,65,1.0
194,469,-73.98268129,40.76344058,57,1.0
195,470,-74.00004031,40.74345335,72,1.0
196,471,-73.95698119,40.71286844,31,1.0
197,472,-73.98194829,40.7457121,55,1.0
198,473,-73.9919254,40.72110063,50,1.0
199,474,-73.98683077,40.7451677,56,1.0
200,476,-73.97966069,40.74394314,65,1.0
201,477,-73.9900262,40.75640548,71,1.0
202,478,-73.99884222,40.76030096,37,1.0
203,479,-73.9912551,40.76019252,31,1.0
204,480,-73.99061728,40.76669671,29,1.0
205,481,-73.96264403,40.71260486,25,1.0
206,482,-73.99931783,40.73935542,79,1.0
207,483,-73.98889957,40.73223272,34,1.0
208,484,-73.98014437,40.75500254,46,1.0
209,485,-73.98338988,40.75038009,40,1.0
210,486,-73.98855723,40.7462009,41,1.0
211,487,-73.97573881,40.73314259,35,1.0
212,489,-74.00176802,40.75066386,49,1.0
213,490,-73.993934,40.751551,66,1.0
214,492,-73.99093085,40.75019995,68,1.0
215,493,-73.98291153,40.7568001,34,1.0
216,494,-73.99723551,40.74734825,66,1.0
217,495,-73.99301222,40.76269882,39,1.0
218,496,-73.99238967,40.73726186,65,1.0
219,497,-73.99009296,40.73704984,66,1.0
220,499,-73.98191841,40.76915505,36,1.0
221,500,-73.98336183,40.76228826,52,1.0
222,501,-73.97121214,40.744219,79,1.0
223,502,-73.981095,40.714211,36,1.0
224,503,-73.98751968,40.73827428,31,1.0
225,504,-73.98165557,40.73221853,54,1.0
226,505,-73.98848395,40.74901271,52,1.0
227,507,-73.97973776,40.73912601,45,1.0
228,508,-73.99667444,40.76341379,25,1.0
229,509,-74.00197139,40.7454973,61,1.0
230,510,-73.98042047,40.7606597,55,1.0
231,513,-73.988639,40.768254,29,1.0
232,514,-74.00277668,40.76087502,52,1.0
233,515,-73.99461843,40.76009437,79,1.0
234,516,-73.96784384,40.75206862,31,1.0
235,517,-73.97791,40.751581,69,1.0
236,519,-73.977706,40.7518729999999,69,2.0
237,522,-73.97207836,40.75714758,51,1.0
238,525,-74.0021163,40.75594159,56,1.0
239,526,-73.98490707,40.74765947,40,1.0
240,528,-73.97706058,40.74290902,39,1.0
241,529,-73.99098507,40.7575698999999,41,1.0
242,530,-73.9904603362083,40.7714967105444,24,1.0
243,531,-73.99266288,40.71893904,39,1.0
244,532,-73.960876,40.710451,43,1.0
245,533,-73.98721619,40.75299641,46,1.0
246,534,-74.0127234,40.70255065,31,1.0
247,536,-73.97536082,40.74144387,28,3.0
248,539,-73.96024116,40.71534825,31,1.0
249,540,-73.9821535348892,40.7431155537648,54,1.0
250,545,-73.97809472,40.736502,27,1.0
251,546,-73.98303529,40.74444921,45,1.0
252,2000,-73.98940236,40.70255088,57,1.0
253,2002,-73.9631979999999,40.716887,27,1.0
254,2003,-73.9805442094803,40.7338121919663,54,1.0
255,2005,-73.97100056,40.70531194,12,1.0
256,2006,-73.97634151,40.76590936,49,1.0
257,2008,-74.01677685,40.70569254,24,1.0
258,2009,-73.99682619,40.71117444,35,1.0
259,2010,-74.002381414175,40.721700052356,65,1.0
260,2012,-73.976806,40.739445,35,4.0
261,2017,-73.97121414,40.75022392,39,1.0
262,2021,-73.98859651,40.75929124,65,1.0
263,2022,-73.959223,40.759107,33,1.0
264,3016,-73.9616507291793,40.7203677529845,54,1.0
265,3041,-73.94142771,40.67890679,24,1.0
266,3042,-73.9298910999999,40.6794268,19,1.0
267,3043,-73.934903,40.6814598,19,1.0
268,3044,-73.938475,40.6800105,27,1.0
269,3046,-73.938037,40.682601,19,1.0
270,3047,-73.944118,40.6823687,21,1.0
271,3048,-73.94977,40.68402,19,1.0
272,3049,-73.96304,40.68488,18,1.0
273,3050,-73.94111,40.6851532,21,1.0
274,3052,-73.935775,40.686312,23,1.0
275,3053,-73.947915,40.6900815,23,1.0
276,3054,-73.942061,40.6894932,19,1.0
277,3055,-73.950916,40.6883337,23,1.0
278,3056,-73.95133465,40.69072549,23,1.0
279,3057,-73.9452416,40.69128258,18,1.0
280,3058,-73.93705428,40.69237074,24,1.0
281,3059,-73.939877,40.6933982,19,1.0
282,3060,-73.94626915,40.69425403,19,1.0
283,3061,-73.94371094,40.69622937,21,1.0
284,3062,-73.94954908,40.69539817,23,1.0
285,3063,-73.95238108,40.69527008,20,1.0
286,3064,-73.93756926,40.69681963,23,1.0
287,3065,-73.95032283,40.70029511,31,1.0
288,3066,-73.94708417,40.69957608,19,1.0
289,3067,-73.9437303,40.7016657,27,1.0
290,3068,-73.940636,40.7031724,42,1.0
291,3069,-73.94818595,40.70411791,29,1.0
292,3070,-73.94407279,40.70510918,23,1.0
293,3071,-73.94976519,40.70538077,19,1.0
294,3072,-73.94644578,40.70583339,24,1.0
295,3074,-73.94016171,40.70767788,42,1.0
296,3075,-73.95796783,40.70708701,33,1.0
297,3076,-73.9448625,40.70870368,36,1.0
298,3077,-73.95095259,40.70877084,33,1.0
299,3078,-73.9606314897537,40.7092482627615,27,1.0
300,3080,-73.95608,40.70934,21,1.0
301,3081,-73.944024,40.711863,29,1.0
302,3082,-73.95141312,40.71167351,25,1.0
303,3083,-73.94100005,40.71247661,32,1.0
304,3085,-73.95739,40.71469,25,1.0
305,3086,-73.944507,40.715143,30,1.0
306,3087,-73.95234386,40.71413311,30,1.0
307,3088,-73.952029,40.7160751,19,1.0
308,3092,-73.95852515,40.7190095,27,1.0
309,3093,-73.95850939,40.71745169,28,1.0
310,3094,-73.94485918,40.7169811,18,1.0
311,3095,-73.94500379,40.71929301,26,1.0
312,3096,-73.9524199999999,40.71924,39,1.0
313,3100,-73.9475262165069,40.7248125644001,51,1.0
314,3101,-73.95484712,40.72079821,27,1.0
315,3102,-73.9504154,40.72179134,27,1.0
316,3105,-73.955736,40.724055,24,1.0
317,3106,-73.94308,40.72325,22,1.0
318,3107,-73.95212324,40.72311651,39,1.0
319,3108,-73.94434,40.72557,51,1.0
320,3109,-73.95621,40.72606,31,1.0
321,3110,-73.95299117,40.72708584,28,1.0
322,3112,-73.95779,40.72906,33,1.0
323,3113,-73.95394,40.7302599999999,27,1.0
324,3115,-73.9550858,40.73232194,50,1.0
325,3116,-73.95826,40.7326599999999,35,1.0
326,3117,-73.95866,40.73564,27,1.0
327,3118,-73.95284,40.73555,42,1.0
328,3119,-73.95411749,40.74232744,45,1.0
329,3121,-73.94733276,40.74524768,27,1.0
330,3122,-73.9558732509612,40.7443632870668,79,1.0
331,3123,-73.93540375,40.74469738,47,1.0
332,3124,-73.95451,40.74731,16,1.0
333,3125,-73.94977234,40.74708586,23,1.0
334,3126,-73.9432635,40.74718234,34,1.0
335,3127,-73.9521,40.74966,35,1.0
336,3128,-73.94594845,40.75052534,27,1.0
337,3129,-73.94073717,40.75110165,40,1.0
338,3130,-73.94335788,40.75325964,30,1.0
339,3131,-73.9622461795806,40.7671284034954,0,1.0
340,3132,-73.97109243,40.76350532,35,1.0
341,3134,-73.96526895,40.76312584,39,1.0
342,3135,-73.95772297,40.77112927,41,1.0
343,3136,-73.971518,40.766368,47,1.0
344,3137,-73.96685276,40.77282817,31,1.0
345,3139,-73.9640942215919,40.7711828754065,43,1.0
346,3140,-73.9535166,40.77140426,55,1.0
347,3141,-73.95818491,40.76500525,58,6.0
348,3142,-73.96094022,40.7612273999999,41,1.0
349,3143,-73.9642739295959,40.7763214218227,47,1.0
350,3144,-73.9590097,40.77677702,46,1.0
351,3145,-73.95772073,40.77862688,45,1.0
352,3146,-73.9567526,40.77573034,47,1.0
353,3147,-73.95407149,40.77801203,39,1.0
354,3148,-73.95068615,40.77565541,31,1.0
355,3150,-73.94803392,40.77536905,47,1.0
356,3151,-73.94989233,40.7728384,43,1.0
357,3152,-73.96119945,40.76873687,42,1.0
358,3154,-73.95856158,40.77314236,31,1.0
359,3156,-73.95348296,40.76663814,37,3.0
360,3157,-73.94446054,40.77518615,27,1.0
361,3158,-73.98261428,40.77163851,31,1.0
362,3159,-73.98266566,40.77492513,31,1.0
363,3160,-73.97374737,40.77896784,39,1.0
364,3161,-73.9772853255271,40.7801839724239,59,1.0
365,3163,-73.97782542,40.7734066,43,1.0
366,3164,-73.97898475,40.7770575,67,1.0
367,3165,-73.9762057363986,40.7757937668366,51,1.0
368,3166,-73.9856243133544,40.7805779901033,41,1.0
369,3167,-73.9809304475784,40.7796680900731,55,1.0
370,3169,-73.98128127,40.78720869,39,1.0
371,3170,-73.97283406,40.78499979,35,1.0
372,3171,-73.97667321,40.78524672,39,1.0
373,3172,-73.97754961,40.7785669,27,1.0
374,3173,-73.9888858795165,40.7775070275479,39,1.0
375,3175,-73.98288594,40.77748046,31,1.0
376,3177,-73.977112,40.7867947,63,1.0
377,3178,-73.98362492,40.78414472,39,1.0
378,3179,-73.941342,40.698617,23,1.0
379,3182,-74.016966,40.686931,42,0.0
380,3184,-74.0335519,40.7141454,14,1.0
381,3185,-74.0438449999999,40.7177325,22,1.0
382,3186,-74.0431174635887,40.7195861164716,42,1.0
383,3187,-74.03805095,40.7211236,22,1.0
384,3191,-74.0836394,40.7182112999999,18,1.0
385,3192,-74.0557013,40.7112422999999,22,1.0
386,3193,-74.0784059464931,40.7246050998869,18,1.0
387,3194,-74.0676221251487,40.7253399253558,22,1.0
388,3195,-74.0639126300811,40.7308970978617,34,1.0
389,3196,-74.0439909,40.7443187,18,1.0
390,3198,-74.0404433012008,40.7487159453802,18,1.0
391,3199,-74.0321082,40.7287447999999,14,1.0
392,3201,-74.066921,40.737711,18,1.0
393,3202,-74.0337589,40.7272235,18,1.0
394,3203,-74.044247311,40.7275959659999,26,1.0
395,3205,-74.0496379137039,40.7165397809919,22,1.0
396,3206,-74.0575736,40.7311689,26,1.0
397,3207,-74.0524782999999,40.7376037,26,1.0
398,3209,-74.0506564,40.7241765,22,1.0
399,3210,-74.051788633,40.742677141,18,1.0
400,3211,-74.046304543,40.72152515,22,1.0
401,3212,-74.050443636,40.734785818,22,1.0
402,3213,-74.047726625,40.71848892,22,1.0
403,3214,-74.0364857,40.7127742,22,1.0
404,3220,-74.0595030784606,40.7349610200095,18,1.0
405,3221,-73.93561,40.743,27,1.0
406,3225,-74.0641943,40.7236589,14,1.0
407,3226,-73.97137,40.78275,45,1.0
408,3231,-73.965920805931,40.7678008014813,39,1.0
409,3232,-73.9830426871776,40.6896218879033,47,1.0
410,3233,-73.9780591428279,40.7572456791172,39,1.0
411,3235,-73.9799219369888,40.7521652806219,26,1.0
412,3236,-73.9937996864318,40.7589848139963,33,1.0
413,3241,-73.944694,40.686203,19,1.0
414,3242,-73.9918336272239,40.6910292567796,39,1.0
415,3243,-73.9622622728347,40.7589238637769,29,1.0
416,3244,-73.9949034154415,40.7314372408522,42,1.0
417,3246,-73.9923003315925,40.6942811413973,39,1.0
418,3249,-73.9476791024207,40.6803560840433,19,1.0
419,3254,-74.0148657560348,40.6923166071919,29,0.0
420,3255,-73.9946848154067,40.7505853470215,18,1.0
421,3256,-74.011295735836,40.7277140777778,23,1.0
422,3259,-73.999233841896,40.7493702419327,27,1.0
423,3260,-73.9966213703155,40.727063633483,45,1.0
424,3263,-73.9907526969909,40.7295149622494,59,1.0
425,3267,-74.0385255217552,40.7124188237569,14,1.0
426,3268,-74.0628585219383,40.7134638266919,14,1.0
427,3269,-74.0503889322281,40.7260117296462,14,1.0
428,3270,-74.0455716848373,40.7252891078113,14,1.0
429,3272,-74.0459525585174,40.7233315864643,14,1.0
430,3273,-74.0428841114044,40.7216507248799,18,1.0
431,3275,-74.0389144420623,40.7183551982321,14,1.0
432,3276,-74.042817056179,40.7145840353589,26,1.0
433,3277,-74.0666109323501,40.7143583687042,14,1.0
434,3278,-74.0487903356552,40.725685483629,14,1.0
435,3279,-74.0499678254127,40.7216301426383,18,1.0
436,3280,-74.0712618827819,40.719282200707,14,1.0
437,3281,-74.0572714805602,40.7459099663155,14,1.0
438,3282,-73.95939,40.78307,38,1.0
439,3283,-73.97041561,40.7882213,47,1.0
440,3284,-73.9559590816497,40.78141070019,38,1.0
441,3285,-73.9747,40.78839,43,1.0
442,3286,-73.9521667,40.7806284,39,1.0
443,3287,-73.97757,40.7896219999999,47,1.0
444,3288,-73.9488134,40.778301,39,1.0
445,3289,-73.9728891849517,40.7901794809508,32,1.0
446,3290,-73.946041,40.7779453,35,1.0
447,3292,-73.957481,40.7857851,43,1.0
448,3293,-73.9739,40.7921,24,1.0
449,3294,-73.955327,40.7835016,38,1.0
450,3296,-73.9489196240901,40.7824541752798,42,1.0
451,3297,-73.97988067,40.6686627,21,1.0
452,3298,-73.99383324,40.686371,23,1.0
453,3299,-73.95206,40.7881299999999,25,1.0
454,3300,-73.9763760566711,40.6651468153379,25,1.0
455,3301,-73.968087,40.7919557,39,1.0
456,3302,-73.9643412291,40.7969347,22,1.0
457,3303,-73.99440329,40.6849894,25,1.0
458,3304,-73.98377641,40.668127,27,1.0
459,3305,-73.9496558904647,40.7811222993416,39,1.0
460,3306,-73.98199886,40.6662077999999,23,1.0
461,3307,-73.974124,40.7941654,31,1.0
462,3308,-73.99645295,40.6861757999999,27,1.0
463,3309,-73.94860294,40.7859201,30,1.0
464,3310,-73.98396846,40.663779,24,1.0
465,3311,-74.0016256,40.68763155,21,1.0
466,3312,-73.94594,40.7817212,39,1.0
467,3313,-73.9854617,40.6663181,29,1.0
468,3314,-73.971888,40.7937704,32,1.0
469,3315,-73.99917254,40.6847513999999,23,1.0
470,3317,-73.98700053,40.6686273,24,1.0
471,3318,-73.9471672999999,40.7839636,39,1.0
472,3319,-73.98895053,40.666287,21,1.0
473,3321,-73.99785267,40.6831163999999,25,1.0
474,3322,-73.9904394,40.668603,25,1.0
475,3323,-73.9605909006,40.7981856,59,1.0
476,3324,-73.99333264,40.6685455,25,1.0
477,3325,-73.950503,40.7849032,31,1.0
478,3326,-74.00194698,40.67434,21,1.0
479,3327,-73.94728331,40.7877213999999,27,1.0
480,3328,-73.9645,40.795,39,1.0
481,3329,-73.99318208,40.6829151,27,1.0
482,3330,-74.00494695,40.6725057999999,0,1.0
483,3331,-73.9711457439,40.8013434,39,1.0
484,3332,-73.9907902479171,40.681990442707,19,1.0
485,3333,-74.0075572,40.6747055,21,1.0
486,3335,-73.98282002,40.6772744,28,1.0
487,3336,-73.953559,40.787801,41,1.0
488,3337,-74.0119555592536,40.673635513415,23,1.0
489,3338,-73.94552579,40.7862586,31,1.0
490,3339,-73.97846879,40.6765304,23,1.0
491,3340,-74.0100698,40.6753274,21,1.0
492,3342,-74.0094613,40.6777747999999,23,1.0
493,3343,-73.9621128676,40.7997568,23,1.0
494,3344,-74.011169,40.679043,19,1.0
495,3345,-73.9524292945862,40.7894854155321,35,2.0
496,3346,-73.9752320945263,40.6751468387097,29,1.0
497,3347,-74.01275056,40.6773429,21,1.0
498,3348,-74.015665,40.677236,19,1.0
499,3349,-73.97087984,40.6729679,30,1.0
500,3350,-73.97041192,40.7973721,39,1.0
501,3351,-73.94164802,40.7869946,25,1.0
502,3352,-74.0087952464818,40.6726724341094,21,1.0
503,3354,-73.97363831,40.668132,31,1.0
504,3355,-73.9684528112411,40.7680088930594,25,1.0
505,3356,-73.98470567,40.7746671,21,1.0
506,3357,-73.9664492472,40.8008362999999,35,1.0
507,3358,-73.97484126,40.6711977999999,25,1.0
508,3359,-73.96703464,40.7691572,0,1.0
509,3361,-73.9787282,40.6740886,23,1.0
510,3362,-73.96069399,40.7781314,34,1.0
511,3363,-73.95033068,40.7904828,33,1.0
512,3364,-73.9814832,40.6751622,27,1.0
513,3365,-73.97839676,40.6703837,27,1.0
514,3366,-73.9681805305,40.8021174,31,1.0
515,3367,-73.95249933,40.7922552999999,39,1.0
516,3368,-73.98352355,40.6728155,30,1.0
517,3369,-73.9468208,40.7724607,29,1.0
518,3370,-73.95577801,40.7727966,25,1.0
519,3372,-73.95482273,40.7689738,39,1.0
520,3373,-73.98775226,40.6750705,27,1.0
521,3374,-73.955613,40.799484,36,1.0
522,3375,-73.96060712,40.7699426,35,1.0
523,3376,-73.962220698595,40.7647185194433,39,1.0
524,3377,-73.99037292,40.6786115,25,1.0
525,3378,-73.96222088,40.773763,28,1.0
526,3379,-73.94755757,40.7903051,35,1.0
527,3381,-73.99364123,40.6777287,21,1.0
528,3382,-73.99475825,40.680611,31,1.0
529,3383,-73.96699104,40.804213,25,1.0
530,3384,-73.99599099,40.6787242,25,1.0
531,3386,-73.99905709,40.6809591,27,1.0
532,3387,-73.94945003,40.7934337,25,1.0
533,3388,-73.99990419,40.6828003,25,1.0
534,3389,-74.00348559,40.6830456,28,1.0
535,3390,-73.9432083,40.79329668,24,1.0
536,3391,-73.93956237,40.7892529,25,1.0
537,3392,-74.00860912,40.6812117,19,1.0
538,3393,-74.00785041,40.6794327,19,1.0
539,3394,-74.00647134,40.6769993,21,1.0
540,3395,-74.00324957,40.6763744,19,1.0
541,3396,-74.00014502,40.6783563,25,1.0
542,3397,-73.99869893,40.6763947,25,1.0
543,3398,-73.99785768,40.6746957,23,1.0
544,3399,-73.9898300170898,40.6726029815012,24,1.0
545,3400,-73.94782145,40.7961534999999,24,1.0
546,3402,-73.99203074,40.6902375,23,1.0
547,3403,-73.98876585,40.6705135,31,1.0
548,3404,-73.98541675,40.6704922,27,1.0
549,3405,-73.98208968,40.6704836,23,1.0
550,3407,-73.9876547455787,40.6790979972168,23,1.0
551,3408,-73.99520919,40.6881529,27,1.0
552,3409,-73.99063168,40.6867442999999,48,1.0
553,3410,-73.98759104,40.6864442,77,1.0
554,3411,-73.98620772,40.6849668,27,1.0
555,3412,-73.98302136,40.6853761,18,1.0
556,3414,-73.9756733179092,40.6809447234772,33,1.0
557,3415,-73.97519523,40.6793307,25,1.0
558,3416,-73.97324283,40.6776147,25,1.0
559,3417,-73.97854971,40.6795766,27,1.0
560,3418,-73.97111473,40.6750207,33,1.0
561,3419,-73.98154004,40.6792787999999,27,1.0
562,3420,-73.98432695,40.6802133,21,1.0
563,3421,-73.98901629,40.6843549,23,1.0
564,3422,-74.00242364,40.6859296,21,1.0
565,3423,-73.9794525504112,40.6610633719006,29,1.0
566,3424,-73.945993,40.791976,27,1.0
567,3425,-73.94370784,40.7892104999999,33,1.0
568,3429,-73.9779075980186,40.6850680730817,39,1.0
569,3430,-73.9422369003295,40.7190789117956,25,1.0
570,3435,-73.99596,40.7188219999999,45,1.0
571,3436,-74.010065,40.721319,35,1.0
572,3437,-73.9770036935806,40.7931348098666,39,1.0
573,3440,-73.9894947409629,40.6924182925784,47,1.0
574,3443,-73.9798200130462,40.7613298312481,40,2.0
575,3452,-73.9488539099693,40.7191557169604,43,1.0
576,3453,-73.9491033554077,40.7133522622287,19,1.0
577,3454,-73.9470595121383,40.7103685423522,24,1.0
578,3456,-73.9482128620147,40.7163803197356,22,1.0
579,3457,-73.9720952510833,40.7630259428051,46,1.0
580,3461,-74.0112233161926,40.7148515052625,33,1.0
581,3462,-73.9713871479034,40.7511838746327,39,1.0
582,3463,-73.9879739284515,40.7353670556053,37,1.0
583,3467,-74.0016585588455,40.7249467235941,44,1.0
584,3469,-73.9599502086639,40.7318140172096,23,1.0
585,3472,-74.0074735879898,40.742753828659,39,1.0
586,3477,-74.0106278657913,40.6553997744783,33,1.0
587,3478,-74.0087020397186,40.6570886666848,43,1.0
588,3479,-74.025353193283,40.6851255951541,45,0.0
589,3481,-74.04105,40.71649,22,1.0
590,3483,-74.05099,40.71942,14,1.0
591,3486,-73.9845165610313,40.6884174275408,30,1.0
592,3490,-73.9372609999999,40.796879,31,1.0
593,3491,-73.93504,40.79747,24,1.0
594,3492,-73.9419949,40.8005385,27,1.0
595,3493,-73.9389152,40.799139,31,1.0
596,3494,-73.9423,40.797911,25,1.0
597,3495,-73.9362541,40.7945662999999,26,1.0
598,3496,-73.9383,40.7923272,25,1.0
599,3497,-73.9333349,40.7949878999999,23,1.0
600,3498,-73.9311847,40.7974772,21,1.0
601,3499,-73.9349,40.8006721,25,1.0
602,3500,-73.944846,40.7989445,31,1.0
603,3501,-73.9442507,40.8014866,29,1.0
604,3502,-73.9441232,40.7954121,29,1.0
605,3503,-73.942954,40.80295,30,1.0
606,3504,-73.9379,40.8029262999999,27,1.0
607,3505,-73.936322,40.805726,33,1.0
608,3506,-73.9398167,40.8013066,29,1.0
609,3507,-73.9396860999999,40.8045555,36,1.0
610,3508,-73.953149,40.809725,31,1.0
611,3509,-73.9500739,40.8011939,31,1.0
612,3510,-73.949373,40.8078316,31,1.0
613,3511,-73.9532423,40.802535,22,1.0
614,3513,-73.923706,40.774645,21,1.0
615,3514,-73.927631,40.7767,23,1.0
616,3515,-73.918544,40.774591,7,1.0
617,3516,-73.9184057,40.7699176,31,1.0
618,3517,-73.9170074,40.7711527999999,35,1.0
619,3518,-73.9452087,40.808442,34,1.0
620,3520,-73.951475,40.804372,27,1.0
621,3521,-73.9523,40.7987859,36,1.0
622,3522,-73.9120938,40.7701477,19,1.0
623,3523,-73.916142,40.7729,25,1.0
624,3524,-73.9225403,40.7774552,23,1.0
625,3525,-73.9153175,40.776165,21,1.0
626,3526,-73.9125550999999,40.7747878,27,1.0
627,3527,-73.9417469999999,40.8069799999999,27,1.0
628,3528,-73.9077436,40.7713937,21,1.0
629,3529,-73.9430681,40.8107922,25,1.0
630,3530,-73.9145645,40.7787185,19,1.0
631,3531,-73.9492286,40.8125511,27,1.0
632,3532,-73.9183302,40.78145,27,1.0
633,3533,-73.9518775999999,40.8114323,34,1.0
634,3534,-73.954692,40.805159,39,1.0
635,3535,-73.945925,40.804038,27,1.0
636,3536,-73.9641,40.8082,43,1.0
637,3537,-73.9710097,40.6809741,29,1.0
638,3538,-73.96295,40.802692,45,1.0
639,3539,-73.9607082,40.8067581,43,1.0
640,3540,-73.9551508,40.81,35,1.0
641,3541,-73.956461,40.813358,0,1.0
642,3542,-73.9596214,40.8086249,29,1.0
643,3543,-73.9573645591735,40.81028506306,35,1.0
644,3544,-73.9646795,40.6804836,27,1.0
645,3545,-73.9612547,40.8120562,33,1.0
646,3546,-73.9587902999999,40.6791943999999,21,1.0
647,3547,-73.9590255,40.8143256,41,1.0
648,3549,-73.962408,40.678045,25,1.0
649,3551,-73.941606,40.795508,23,1.0
650,3552,-73.964928,40.805973,39,1.0
651,3553,-73.957145,40.801694,37,1.0
652,3554,-73.9485677999999,40.7552433,27,1.0
653,3555,-73.9379699999999,40.751047,27,1.0
654,3557,-73.945133,40.75742,19,1.0
655,3558,-73.9680437999999,40.6794388,27,1.0
656,3559,-73.9391224,40.7576314,19,1.0
657,3561,-73.9279917,40.7531106,26,1.0
658,3562,-73.9596082,40.6765197999999,27,1.0
659,3563,-73.9327189999999,40.757186,29,1.0
660,3564,-73.9362726,40.7601852999999,19,1.0
661,3565,-73.9411265,40.7614376,19,1.0
662,3566,-73.9321454999999,40.7596276,25,1.0
663,3567,-73.9391141,40.7627442,19,1.0
664,3568,-73.9262230999999,40.7569332,21,1.0
665,3569,-73.9561677,40.6758324,29,1.0
666,3570,-73.9236610999999,40.7557327,31,1.0
667,3571,-73.952918,40.676368,24,1.0
668,3572,-73.921631,40.756913,33,1.0
669,3573,-73.9242750999999,40.7580583,25,1.0
670,3574,-73.96579,40.6769694,23,1.0
671,3575,-73.930562,40.76108,19,1.0
672,3576,-73.969024,40.6767,27,1.0
673,3577,-73.9342862,40.7628137999999,23,1.0
674,3578,-73.9564947,40.6741806,21,1.0
675,3579,-73.954131,40.672695,25,1.0
676,3580,-73.9631611,40.6737236,30,1.0
677,3581,-73.9671457,40.6740122999999,27,1.0
678,3582,-73.9609,40.6721682999999,28,1.0
679,3583,-73.9631145,40.6716493,31,1.0
680,3584,-73.9576801,40.6707767,42,1.0
681,3585,-73.9554162,40.6691783,24,1.0
682,3586,-73.9364848,40.7638752999999,19,1.0
683,3587,-73.9618148,40.6686744,27,1.0
684,3588,-73.9373554,40.7671863,21,1.0
685,3589,-73.9347774,40.7668,19,1.0
686,3590,-73.9588,40.6679411,19,1.0
687,3591,-73.930819,40.7659,21,1.0
688,3592,-73.9286470999999,40.7633589,19,1.0
689,3593,-73.925921,40.761584,35,1.0
690,3595,-73.9222427,40.760339,18,1.0
691,3596,-73.9574686,40.6642406,19,1.0
692,3597,-73.9166368,40.7577284,25,1.0
693,3598,-73.9142677999999,40.7595701,19,1.0
694,3600,-73.9170071,40.7611487999999,27,1.0
695,3601,-73.9569115,40.6627059,19,1.0
696,3602,-73.920827,40.763154,23,1.0
697,3603,-73.9240312,40.7647,21,1.0
698,3604,-73.9538745999999,40.6630619,17,1.0
699,3605,-73.9265474,40.7658346,21,1.0
700,3606,-73.948852,40.74252,21,1.0
701,3607,-73.9322662,40.7682,19,1.0
702,3608,-73.9566,40.7423737,21,1.0
703,3609,-73.9354504,40.7692475,23,1.0
704,3610,-73.9341709999999,40.770845,27,1.0
705,3611,-73.9534573,40.7449067,31,1.0
706,3612,-73.9286078,40.7703742999999,15,1.0
707,3613,-73.957539,40.745038,27,1.0
708,3614,-73.9249574,40.768692,23,1.0
709,3615,-73.9460927,40.748,21,1.0
710,3616,-73.9136695,40.7656251,25,1.0
711,3617,-73.9169858,40.7671,27,1.0
712,3618,-73.941275,40.7485,33,1.0
713,3619,-73.9246145,40.7713615,19,1.0
714,3620,-73.9479119,40.7519071,23,1.0
715,3621,-73.9309134,40.7739825,19,1.0
716,3622,-73.9391819999999,40.8075599999999,23,1.0
717,3623,-73.9634,40.8109494,39,1.0
718,3628,-73.9490782,40.8025566,31,1.0
719,3629,-73.9477649331092,40.8094953477794,33,1.0
720,3630,-73.9559307999999,40.8038654,33,1.0
721,3635,-73.9951676130294,40.754623240291,43,1.0
722,3637,-73.9659959077835,40.6832386546034,31,1.0
723,3638,-74.0354826,40.7242941,18,1.0
724,3639,-74.034234,40.7192517,30,1.0
725,3640,-74.0625,40.73367,18,1.0
726,3641,-73.9891862869262,40.7428687731211,54,1.0
727,3646,-73.9398550987243,40.7631548191037,26,1.0
728,3647,-73.9372587203979,40.7412830935599,23,1.0
729,3648,-73.970775604248,40.6979503156954,25,1.0
730,3649,-73.9532473683357,40.8143944379158,30,1.0
731,3654,-73.933492898941,40.7518695142187,35,1.0
732,3656,-73.9858362078666,40.7230774906867,46,1.0
733,3658,-74.0036755800247,40.7435337324616,27,1.0
734,3661,-73.9605563879012,40.6664393068708,19,1.0
735,3664,-74.0103006362915,40.7201952143746,30,1.0
736,3668,-73.9498436450958,40.7239567849954,26,1.0
737,3671,-73.9542746543884,40.7747794489572,37,1.0
738,3673,-73.9556372165679,40.6775920693737,21,1.0
739,3674,-73.9867267012596,40.7014031725772,27,1.0
740,3676,-74.014726281166,40.6758329439128,24,1.0
741,3677,-74.0710607171058,40.7275514673001,18,1.0
742,3678,-74.0719592571258,40.7257261374255,18,1.0
743,3679,-74.071455001831,40.722103786686,14,1.0
744,3680,-73.9802518486976,40.7541208107792,55,1.0
745,3681,-74.0376833081245,40.7151776773202,18,1.0
746,3686,-74.0050703287124,40.739448201304,39,1.0
747,3687,-73.9744978398084,40.7432268143217,83,4.0
748,3689,-73.9664947986602,40.7990413928829,47,1.0
749,3690,-74.0093551576137,40.713341842759,36,1.0
750,3691,-73.9106512069702,40.7640893235068,19,1.0
751,3693,-73.9592193067073,40.7224818863821,27,1.0
752,3694,-74.0789,40.71113,18,1.0
753,3697,-73.9891869574785,40.7751595343423,43,1.0
754,3699,-73.9891795814037,40.7636046779586,30,1.0
755,3704,-73.9417648315429,40.7437524099784,19,1.0
756,3707,-73.983293,40.741459,55,1.0
757,3708,-73.99431,40.735445,29,1.0
758,3709,-73.9964295923709,40.7380461424827,51,1.0
759,3711,-73.9806796610355,40.7296672939297,47,1.0
760,3712,-73.9974018931389,40.754691750226,41,1.0
761,3714,-73.9544353965357,40.7068420310132,61,1.0
762,3715,-73.955201357603,40.718169694542,31,1.0
763,3716,-73.9379560947418,40.7535992020056,23,1.0
764,3718,-73.9795041829347,40.7274642069239,3,1.0
765,3721,-73.9209334552287,40.7675487799971,35,1.0
766,3723,-73.9901572465896,40.695317277669,30,1.0
767,3724,-73.979068994522,40.7667405590595,39,1.0
768,3725,-73.9584079384803,40.7687620293096,41,1.0
769,3726,-73.95960688591,40.7433660802702,23,1.0
770,3727,-73.948800265789,40.7176619708399,38,1.0
771,3728,-73.9934402704238,40.6953569332022,24,1.0
772,3731,-73.98255,40.7583969999999,46,1.0
773,3733,-73.973984,40.730563,46,1.0
774,3734,-73.9626579999999,40.759125,50,1.0
775,3735,-74.002353,40.752694,38,1.0
776,3736,-73.976831,40.727243,3,1.0
777,3737,-73.986274,40.7207469999999,35,1.0
778,3738,-73.991479,40.719383,31,1.0
779,3739,-74.000939,40.735918,37,1.0
780,3740,-74.000472,40.726378,34,1.0
781,3744,-73.986389,40.725864,51,1.0
782,3745,-73.9295748621225,40.7565127298495,27,1.0
783,3746,-74.0047303587198,40.7243083216021,48,1.0
784,3749,-73.9788007736205,40.7475739589547,23,1.0
785,3755,-73.9574617892503,40.6906480708294,19,1.0
786,3756,-73.9351,40.704508,21,1.0
787,3757,-73.93372,40.710681,23,1.0
788,3758,-73.92997,40.7029969999999,19,1.0
789,3759,-73.92535,40.70538,19,1.0
790,3760,-73.92153,40.705614,23,1.0
791,3761,-73.926241,40.697842,27,1.0
792,3762,-73.9865,40.677027,27,1.0
793,3763,-73.923711,40.707165,27,1.0
794,3764,-73.93936,40.705517,21,1.0
795,3765,-73.94008,40.709897,21,1.0
796,3766,-73.93856,40.715353,24,1.0
797,3767,-73.93894,40.7132299999999,19,1.0
798,3768,-73.93734,40.71019,23,1.0
799,3769,-73.93581,40.707174,23,1.0
800,3770,-73.9333,40.702831,21,1.0
801,3771,-73.933871,40.706237,30,1.0
802,3772,-73.93515,40.713811,19,1.0
803,3773,-73.92976,40.70539,20,1.0
804,3774,-73.92836,40.704425,23,1.0
805,3775,-73.923769,40.702013,27,1.0
806,3776,-73.92834,40.700003,23,1.0
807,3777,-73.9230439999999,40.699304,23,1.0
808,3778,-73.92095,40.7027,27,1.0
809,3779,-73.919911,40.704876,24,1.0
810,3780,-73.917775,40.703545,22,1.0
811,3781,-73.918877,40.698568,30,1.0
812,3782,-73.997178,40.698458,31,1.0
813,3783,-74.00495,40.70838,65,1.0
814,3785,-73.98455,40.75492,37,1.0
815,3786,-73.996732,40.714193,49,1.0
816,3787,-73.9714099999999,40.69985,22,1.0
817,3789,-73.9594319999999,40.68186,31,1.0
818,3790,-73.991581,40.7003,37,1.0
819,3791,-74.046963751316,40.7352083804535,32,1.0
820,3792,-74.03281,40.71687,30,1.0
821,3795,-73.993612,40.671907,19,1.0
822,3798,-73.982079,40.752269,55,1.0
823,3799,-73.98805,40.74964,67,1.0
824,3803,-73.9569339999999,40.665816,27,1.0
825,3804,-73.986842,40.702461,24,1.0
826,3808,-73.939991,40.752474,19,1.0
827,3809,-73.978434,40.763189,53,1.0
828,3811,-73.9342,40.77485,19,1.0
829,3812,-73.992085,40.734814,49,1.0
830,3813,-74.005141,40.745686,49,1.0
831,3814,-73.972628,40.761573,23,1.0
832,3815,-73.967641,40.755293,41,1.0
833,3816,-73.93323,40.71429,24,1.0
834,3817,-73.94051,40.7177299999999,18,1.0
835,3818,-73.94839,40.72984,40,1.0
836,3819,-73.95204,40.7339599999999,20,1.0
837,3820,-73.93098,40.69757,19,1.0
838,3821,-73.93318,40.70106,25,1.0
839,3822,-73.93641,40.7007599999999,20,1.0
840,3823,-73.93921,40.70099,30,1.0
841,3824,-73.90369,40.6786,23,1.0
842,3825,-73.90756,40.68139,29,1.0
843,3826,-73.90925,40.68458,18,1.0
844,3827,-73.91564,40.68565,20,1.0
845,3828,-73.9132099999999,40.68652,22,1.0
846,3829,-73.90798,40.6882,24,1.0
847,3830,-73.9122699999999,40.68858,22,1.0
848,3831,-73.9168,40.68663,35,1.0
849,3832,-73.91181,40.69055,21,1.0
850,3833,-73.91693,40.69122,18,1.0
851,3834,-73.90663,40.69467,19,1.0
852,3835,-73.90974,40.69385,22,1.0
853,3836,-73.92146,40.69146,29,1.0
854,3837,-73.9285199999999,40.69329,29,1.0
855,3838,-73.92524,40.69356,25,1.0
856,3839,-73.91164,40.69545,29,1.0
857,3840,-73.90904,40.69811,24,1.0
858,3841,-73.9196,40.69543,25,1.0
859,3842,-73.92825,40.69502,29,1.0
860,3843,-73.91516,40.69905,23,1.0
861,3844,-73.91337,40.69943,25,1.0
862,3845,-73.9179,40.70108,21,1.0
863,3846,-73.92302,40.69676,25,1.0
864,3847,-73.9280699999999,40.6967099999999,25,1.0
865,3848,-73.93223,40.69544,32,1.0
866,3849,-73.91945,40.70636,17,1.0
867,3850,-73.9215699999999,40.70907,25,1.0
868,3851,-73.92793,40.7140099999999,20,1.0
869,3852,-73.9258699999999,40.70869,17,1.0
870,3853,-73.92851,40.70686,20,1.0
871,3854,-73.93637,40.716657,24,1.0
872,3855,-73.93948,40.71882,22,1.0
873,3856,-73.94173,40.72577,25,1.0
874,3857,-73.94546,40.7215799999999,19,1.0
875,3858,-73.95161,40.73124,20,1.0
876,3859,-73.95414,40.72795,20,1.0
877,3860,-73.92754,40.70166,26,1.0
878,3861,-73.91422,40.70113,20,1.0
879,3862,-73.91566,40.69714,18,1.0
880,3863,-73.91605,40.69296,18,1.0
881,3864,-73.90951,40.68929,30,1.0
882,3865,-73.90448,40.69081,24,1.0
883,3866,-73.9050599999999,40.68906,32,1.0
884,3867,-73.90474,40.67945,29,1.0
885,3868,-73.90824,40.693,19,1.0
886,3869,-73.92617,40.692,24,1.0
887,3870,-73.935877,40.6974809999999,20,1.0
888,3871,-73.90623,40.6828099999999,30,1.0
889,3872,-73.90674,40.6972,19,1.0
890,3873,-73.90742,40.70068,17,1.0
891,3874,-73.91054,40.7046099999999,16,1.0
892,3875,-73.9007,40.6988,15,1.0
893,3876,-73.89795,40.69922,23,1.0
894,3877,-73.90245,40.70555,25,1.0
895,3878,-73.90271,40.69812,19,1.0
896,3879,-73.91966,40.68822,25,1.0
897,3880,-73.91727,40.7098,27,1.0
898,3881,-73.960405,40.8182989999999,39,1.0
899,3882,-73.90311,40.69517,15,1.0
900,3883,-73.91292,40.70577,19,1.0
901,3884,-73.9022,40.69969,23,1.0
902,3885,-73.90737,40.70413,19,1.0
903,3886,-73.9096,40.7055299999999,20,1.0
904,3887,-73.91873,40.71246,21,1.0
905,3888,-73.9109199999999,40.70793,19,1.0
906,3890,-73.923511,40.69047,31,1.0
907,3891,-73.9127,40.698,20,1.0
908,3892,-73.9336699999999,40.75473,19,1.0
909,3893,-73.9116664230823,40.6831998817276,25,1.0
910,3894,-74.001702,40.740983,36,1.0
911,3895,-73.9087629318237,40.7015734087379,25,1.0
912,3896,-73.90625,40.70183,22,1.0
913,3897,-73.91497,40.70863,17,1.0
914,3898,-73.9646,40.763954,0,1.0
915,3899,-73.94844,40.72084,18,1.0
916,3900,-73.93889,40.72226,30,1.0
917,3901,-73.91116,40.70998,17,1.0
918,3902,-73.90632,40.70694,19,1.0
919,3903,-73.91458,40.68989,17,1.0
920,3905,-73.99011,40.732647,27,1.0
921,3906,-74.014847,40.711444,32,1.0
922,3907,-73.93039,40.70112,17,1.0
923,3909,-73.90408,40.70408,20,1.0
924,3910,-73.907856,40.709697,17,1.0
925,3911,-73.984275,40.683426,22,1.0
926,3913,-73.979827,40.699569,19,1.0
927,3914,-73.981687,40.783786,39,1.0
928,3916,-74.002751,40.7084849999999,45,1.0
929,3917,-73.97877,40.69178,31,1.0
930,3918,-73.975767,40.72387,30,1.0
931,3919,-74.0063699999999,40.70437,37,1.0
932,3920,-73.9371949999999,40.810224,19,1.0
933,3921,-73.925177,40.805701,19,1.0
934,3922,-73.9271069999999,40.807466,19,1.0
935,3923,-73.928803,40.808484,17,1.0
936,3924,-73.927311,40.810893,25,1.0
937,3925,-73.929153,40.812304,21,1.0
938,3926,-73.93973,40.81014,20,1.0
939,3927,-73.941878,40.81296,27,1.0
940,3928,-73.94521,40.813539,18,1.0
941,3929,-73.921606,40.81093,19,1.0
942,3930,-73.923697,40.8127349999999,19,1.0
943,3931,-73.924963,40.814469,23,1.0
944,3932,-73.927987,40.816576,23,1.0
945,3933,-73.92965,40.817755,19,1.0
946,3934,-73.948222,40.816234,27,1.0
947,3935,-73.954295,40.816355,19,1.0
948,3936,-73.959089,40.820003,19,1.0
949,3937,-73.918889,40.805089,23,1.0
950,3938,-73.9174,40.80262,19,1.0
951,3939,-73.913863,40.800933,21,1.0
952,3940,-73.911034,40.800425,16,1.0
953,3941,-73.909513,40.801657,17,1.0
954,3942,-73.956156,40.8190344,21,1.0
955,3944,-73.950988,40.818215,30,1.0
956,3945,-73.951819,40.819746,21,1.0
957,3946,-73.947568,40.818477,21,1.0
958,3947,-73.9115449999999,40.804168,18,1.0
959,3948,-73.914718,40.805559,23,1.0
960,3949,-73.91924,40.807408,23,1.0
961,3950,-73.917875,40.809619,19,1.0
962,3951,-73.916124,40.808633,19,1.0
963,3952,-73.911837,40.806896,19,1.0
964,3953,-73.937413,40.82281,25,1.0
965,3955,-73.91081,40.8088909999999,19,1.0
966,3956,-73.914932,40.811112,23,1.0
967,3957,-73.917037,40.811675,19,1.0
968,3958,-73.9203699999999,40.8122989999999,23,1.0
969,3959,-73.94386,40.823498,31,1.0
970,3960,-73.951346,40.822756,21,1.0
971,3961,-73.9214109999999,40.820036,19,1.0
972,3963,-73.917338,40.816827,31,1.0
973,3964,-73.915368,40.814383,20,1.0
974,3965,-73.91186,40.814046,19,1.0
975,3966,-73.907729,40.811314,19,1.0
976,3967,-73.949738,40.826969,30,1.0
977,3968,-73.903927,40.814232,21,1.0
978,3969,-73.911918,40.815887,19,1.0
979,3970,-73.916071,40.819609,19,1.0
980,3972,-73.914688,40.822215,23,1.0
981,3973,-73.942722,40.827212,26,1.0
982,3975,-73.911759,40.820713,21,1.0
983,3976,-73.9124109999999,40.819823,19,1.0
984,3977,-73.90202,40.81899,29,1.0
985,3978,-73.907521,40.82188,18,1.0
986,3980,-73.944279,40.8295229999999,20,1.0
987,3981,-73.939929,40.830476,24,1.0
988,3982,-73.914737,40.817166,21,1.0
989,3983,-73.905203,40.817802,23,1.0
990,3984,-73.954743,40.824013,23,1.0
991,3985,-73.903944,40.820302,22,1.0
992,3986,-73.922962,40.81734,35,1.0
993,3987,-73.909235,40.8131349999999,23,1.0
994,3988,-73.934077,40.805631,19,1.0
995,3989,-73.923604,40.808384,22,1.0
996,3992,-73.9421253,40.8428422,47,1.0
997,3994,-73.933509,40.802554,30,1.0
998,3995,-73.937838,40.812191,21,1.0
999,3996,-73.9360849999999,40.806414,24,1.0
1000,3997,-73.935856,40.815484,20,1.0
1001,3998,-73.939336,40.813619,29,1.0
1002,3999,-73.9422959089279,40.8169597103246,23,1.0
1003,4000,-73.936521,40.819783,22,1.0
1004,4001,-73.935971,40.821111,24,1.0
1005,4002,-73.939249,40.820877,24,1.0
1006,4004,-73.945144,40.820681,21,1.0
1007,4005,-73.947868,40.821294,24,1.0
1008,4006,-73.91839,40.814673,25,1.0
1009,4007,-73.955857,40.823168,30,1.0
1010,4008,-73.951947,40.824686,0,1.0
1011,4009,-73.951989,40.8273049999999,35,1.0
1012,4010,-73.947257,40.825244,24,1.0
1013,4011,-73.908116,40.816124,25,1.0
1014,4012,-73.945909,40.827075,23,1.0
1015,4013,-73.942924,40.8283099999999,24,1.0
1016,4014,-73.950426,40.829114,22,1.0
1017,4015,-73.936996,40.8292299999999,31,1.0
1018,4016,-73.946168,40.812346,22,1.0
1019,4017,-73.936153,40.81449,22,1.0
1020,4018,-73.957163,40.817555,21,1.0
1021,4019,-73.919763,40.803399,17,1.0
1022,4020,-73.941616,40.825125,22,1.0
1023,4021,-73.930605,40.813224,21,1.0
1024,4022,-73.937743,40.818067,0,1.0
1025,4023,-73.941057,40.819241,24,1.0
1026,4024,-73.9379479999999,40.826406,33,1.0
1027,4025,-73.941427,40.826881,20,1.0
1028,4027,-73.941323,40.830663,23,1.0
1029,4028,-73.936371,40.830702,19,1.0
1030,4029,-73.919549,40.816402,23,1.0
1031,4030,-73.916792,40.822267,23,1.0
1032,4031,-73.908351,40.81989,19,1.0
1033,4032,-73.917579,40.82057,19,1.0
1034,4034,-73.952761,40.821728,27,1.0
1035,4035,-73.946665,40.831327,20,1.0
1036,4036,-73.9477213,40.7639089,36,1.0
1037,4037,-73.9536,40.757284,39,0.0
1038,4038,-73.9586520195007,40.7537022541911,29,1.0
1039,4040,-73.9867132902145,40.7426847348756,51,1.0
1040,4041,-73.9362319999999,40.825289,18,1.0
1041,4043,-73.9790850877761,40.7825358577241,24,1.0
1042,4044,-73.9917699999999,40.75461,49,1.0
1043,4045,-73.99005,40.77237,39,1.0
1044,4047,-73.942386,40.832081,27,1.0
1045,4048,-73.94102,40.832314,20,1.0
1046,4050,-73.939326,40.833303,21,1.0
1047,4051,-73.939865,40.834468,26,1.0
1048,4052,-73.939789,40.83618,27,1.0
1049,4053,-73.937496,40.835798,19,1.0
1050,4054,-73.9454459999999,40.839278,19,1.0
1051,4055,-73.942939,40.84004,27,1.0
1052,4056,-73.941409,40.839137,24,1.0
1053,4057,-73.937044,40.839443,23,1.0
1054,4058,-73.97513,40.75863,41,1.0
1055,4059,-73.938631,40.8429409999999,31,1.0
1056,4060,-73.9351109999999,40.8421729999999,23,1.0
1057,4061,-73.940493,40.84522,24,1.0
1058,4062,-73.933651,40.844044,23,1.0
1059,4063,-73.937648,40.846052,24,1.0
1060,4064,-73.908097743988,40.807347437082,23,1.0
1061,4065,-73.936064,40.848467,35,1.0
1062,4066,-73.933291,40.847305,23,1.0
1063,4067,-73.931205,40.847396,23,1.0
1064,4068,-73.937854,40.852252,30,1.0
1065,4069,-73.941343,40.848282,24,1.0
1066,4070,-73.938423,40.8499719999999,24,1.0
1067,4071,-73.9434,40.835775,22,1.0
1068,4072,-73.979602754116,40.7579364624367,40,1.0
1069,4073,-73.9780819416046,40.7596999590625,35,1.0
1070,4074,-73.9360849999999,40.8381909999999,23,1.0
1071,4075,-73.969862,40.78476,38,1.0
1072,4076,-73.928947,40.820089,29,1.0
1073,4078,-73.919379,40.823732,31,1.0
1074,4079,-73.91769,40.8288469999999,21,1.0
1075,4080,-73.926226,40.831444,21,1.0
1076,4081,-73.922394,40.83173,21,1.0
1077,4082,-73.92112,40.833909,30,1.0
1078,4083,-73.918316,40.83649,20,1.0
1079,4084,-73.9154,40.835334,22,1.0
1080,4085,-73.913004,40.839549,25,1.0
1081,4086,-73.919228,40.840536,21,1.0
1082,4087,-73.926075,40.84207,22,1.0
1083,4088,-73.920999,40.843965,20,1.0
1084,4090,-73.924689,40.823429,21,1.0
1085,4091,-73.931015,40.829797,21,1.0
1086,4092,-73.928747,40.830179,19,1.0
1087,4093,-73.92272,40.827115,25,1.0
1088,4094,-73.915585,40.825716,21,1.0
1089,4095,-73.925101,40.83263,21,1.0
1090,4096,-73.917641,40.834263,30,1.0
1091,4098,-73.922423,40.839312,20,1.0
1092,4099,-73.908863,40.834015,21,1.0
1093,4101,-73.929327,40.826677,19,1.0
1094,4102,-73.921461,40.829608,22,1.0
1095,4103,-73.928381,40.834457,19,1.0
1096,4104,-73.955277,40.818212,20,1.0
1097,4105,-73.923267,40.8231619999999,21,1.0
1098,4106,-73.929372,40.832812,19,1.0
1099,4107,-73.908345,40.837213,24,1.0
1100,4108,-73.904867,40.843264,19,1.0
1101,4109,-73.9302199999999,40.84925,21,1.0
1102,4110,-73.9751583337783,40.7250655101547,30,1.0
1103,4112,-73.93077,40.78294,18,1.0
1104,4113,-73.92389,40.7934599999999,22,1.0
1105,4114,-73.91906,40.79558,25,1.0
1106,4115,-73.92404,40.80046,25,1.0
1107,4116,-73.923391,40.830262,19,1.0
1108,4117,-73.9602512866667,40.6640798367816,27,1.0
1109,4118,-74.009354822358,40.7085889424058,0,1.0
1110,4120,-73.9772920311315,40.7494985460252,43,1.0
1111,4121,-73.97113,40.74714,53,1.0
1112,4122,-73.9641706646307,40.7924951949511,53,1.0
1113,4123,-73.9615890385357,40.7960368415998,25,1.0
1114,4124,-73.9668005704879,40.7886649912788,48,1.0
1115,4125,-73.927111,40.827883,37,1.0
1116,4126,-73.927311,40.825737,19,1.0
1117,4127,-73.925961,40.8391419999999,19,1.0
1118,4128,-73.910489,40.837576,24,1.0
1119,4129,-73.927421,40.832057,19,1.0
1120,4130,-73.9149,40.831584,22,1.0
1121,4131,-73.917256,40.844075,19,1.0
1122,4132,-73.901583,40.812769,19,1.0
1123,4133,-73.899939,40.815077,20,1.0
1124,4134,-73.896447,40.8163429999999,24,1.0
1125,4135,-73.9013109999999,40.819701,23,1.0
1126,4136,-73.91089,40.824,20,1.0
1127,4137,-73.908699,40.8238719999999,27,1.0
1128,4138,-73.907451,40.82696,19,1.0
1129,4139,-73.9024199999999,40.824796,19,1.0
1130,4140,-73.901824,40.822545,24,1.0
1131,4141,-73.894143,40.818185,20,1.0
1132,4142,-73.891559,40.816126,19,1.0
1133,4143,-73.8855,40.8139909999999,21,1.0
1134,4144,-73.888161,40.816567,21,1.0
1135,4146,-73.890247,40.818743,29,1.0
1136,4147,-73.8950689999999,40.821075,19,1.0
1137,4148,-73.896752,40.821967,27,1.0
1138,4149,-73.90521,40.82895,20,1.0
1139,4150,-73.907199,40.836103,25,1.0
1140,4151,-73.905158,40.832678,0,1.0
1141,4152,-73.904556,40.830471,21,1.0
1142,4153,-73.894025,40.82394,27,1.0
1143,4154,-73.888271,40.820578,19,1.0
1144,4155,-73.893721,40.827184,19,1.0
1145,4156,-73.90153,40.83545,19,1.0
1146,4157,-73.896599,40.833246,19,1.0
1147,4158,-73.894717,40.830529,19,1.0
1148,4159,-73.900277,40.839586,19,1.0
1149,4160,-73.900216,40.8430789999999,19,1.0
1150,4161,-73.8985,40.84224,19,1.0
1151,4162,-73.88955,40.8341239999999,19,1.0
1152,4163,-73.885272,40.8326489999999,19,1.0
1153,4164,-73.8843079999999,40.8362739999999,19,1.0
1154,4165,-73.91288,40.82809,19,1.0
1155,4166,-73.92818,40.82441,27,1.0
1156,4167,-73.9117199999999,40.84301,19,1.0
1157,4168,-73.9085439999999,40.842675,19,1.0
1158,4169,-73.9109,40.83899,21,1.0
1159,4170,-73.911259,40.828975,19,1.0
1160,4171,-73.903719,40.828199,21,1.0
1161,4172,-73.907618,40.829896,19,1.0
1162,4173,-73.887729,40.825322,20,1.0
1163,4174,-73.903743,40.834857,21,1.0
1164,4175,-73.905838,40.8383789999999,20,1.0
1165,4177,-73.896853,40.831762,20,1.0
1166,4179,-73.892103,40.830051,23,1.0
1167,4180,-73.886312,40.830025,20,1.0
1168,4181,-73.889686,40.832171,19,1.0
1169,4182,-73.892686,40.831998,19,1.0
1170,4183,-73.899047,40.8392289999999,18,1.0
1171,4185,-73.886445,40.839335,19,1.0
1172,4186,-73.925294,40.818154,27,1.0
1173,4188,-73.94592,40.83299,31,1.0
1174,4189,-73.913741,40.83579,19,1.0
1175,4190,-73.9150729999999,40.840683,19,1.0
1176,4191,-73.896372,40.827301,20,1.0
1177,4192,-73.898751,40.826303,19,1.0
1178,4193,-73.9418599999999,40.85168,21,1.0
1179,4194,-73.917946,40.840484,30,1.0
1180,4195,-73.91125,40.83094,30,1.0
1181,4198,-73.9164069999999,40.824811,21,1.0
1182,4199,-73.92243,40.83406,21,1.0
1183,4201,-73.90549,40.83999,21,1.0
1184,4202,-73.897263,40.8199989999999,19,1.0
1185,4204,-73.888719,40.826706,19,1.0
1186,4205,-73.892317,40.8410919999999,19,1.0
1187,4206,-73.904192,40.811892,27,1.0
1188,4207,-73.9174479246139,40.8313054926729,19,1.0
1189,4209,-73.9270339999999,40.838706,18,1.0
1190,4210,-73.91956,40.8319599999999,24,1.0
1191,4211,-73.898802,40.82995,19,1.0
1192,4212,-73.90208,40.83171,19,1.0
1193,4213,-73.895133,40.835302,19,1.0
1194,4220,-73.941928,40.8230609999999,27,1.0
1195,4222,-73.928939,40.8222169999999,27,1.0
1196,4225,-73.9914205670356,40.6962329712931,33,1.0
1197,4227,-73.890413,40.837037,19,1.0
1198,4228,-73.888587,40.839194,19,1.0
1199,4229,-73.911479,40.840494,23,1.0
1200,4230,-73.8931427999999,40.8358771,19,1.0
1201,4247,-73.949702,40.832164,0,1.0
