,eightd_has_available_keys,is_installed,is_renting,is_returning,last_reported,legacy_id,num_bikes_available,num_bikes_disabled,num_docks_available,num_docks_disabled,num_ebikes_available,station_id,station_status,starttime,timestamp,demand,supply
0,False,1,1,1,1607153070,72,21,0,34,0,11,72,active,1607166000,1607166000,0,0
1,False,1,1,1,1607151792,79,15,1,17,0,2,79,active,1607166000,1607166000,1,0
2,False,1,1,1,1607150584,82,22,2,3,0,0,82,active,1607166000,1607166000,0,0
3,False,1,1,1,1607162197,83,49,1,12,0,0,83,active,1607166000,1607166000,0,0
4,False,1,1,1,1607151791,116,19,0,30,0,0,116,active,1607166000,1607166000,0,0
5,False,1,1,1,1607149379,119,32,2,19,0,0,119,active,1607166000,1607166000,0,0
6,False,1,1,1,1607149381,120,3,1,15,0,1,120,active,1607166000,1607166000,0,0
7,False,1,1,1,1607157052,127,17,1,13,0,3,127,active,1607166000,1607166000,0,0
8,False,1,1,1,1607159361,128,37,0,19,0,0,128,active,1607166000,1607166000,0,0
9,False,1,1,1,1607151114,143,3,1,20,0,0,143,active,1607166000,1607166000,0,0
10,False,1,1,1,1607164303,144,40,2,16,0,1,144,active,1607166000,1607166000,0,0
11,False,1,1,1,1607164028,146,29,0,10,0,1,146,active,1607166000,1607166000,1,0
12,False,1,1,1,1607163274,150,17,1,37,0,7,150,active,1607166000,1607166000,0,0
13,True,1,1,1,1607153010,151,12,0,21,0,0,151,active,1607166000,1607166000,1,0
14,False,1,1,1,1607161439,152,34,0,15,0,1,152,active,1607166000,1607166000,0,0
15,False,1,1,1,1607157104,157,19,0,3,1,5,157,active,1607166000,1607166000,0,0
16,False,1,1,1,1607151230,161,22,1,12,0,1,161,active,1607166000,1607166000,0,0
17,False,1,1,1,1607154203,164,21,1,24,0,0,164,active,1607166000,1607166000,0,0
18,False,1,1,1,1607157796,168,37,0,10,0,1,168,active,1607166000,1607166000,0,0
19,False,1,1,1,1607160772,173,27,2,41,0,2,173,active,1607166000,1607166000,0,0
20,False,1,1,1,1607151790,174,16,0,19,0,3,174,active,1607166000,1607166000,0,0
21,False,1,1,1,1607151792,212,24,2,34,0,0,212,active,1607166000,1607166000,0,0
22,False,1,1,1,1607149379,216,5,0,32,0,1,216,active,1607166000,1607166000,0,0
23,False,1,1,1,1607149378,217,39,0,0,0,0,217,active,1607166000,1607166000,0,21
24,False,1,1,1,1607157821,223,27,0,6,0,8,223,active,1607166000,1607166000,0,0
25,True,1,1,1,1607153383,224,7,1,22,0,1,224,active,1607166000,1607166000,0,0
26,False,1,1,1,1607153487,228,29,0,26,0,0,228,active,1607166000,1607166000,0,0
27,False,1,1,1,1607158333,229,4,0,19,0,2,229,active,1607166000,1607166000,0,0
28,False,1,1,1,1607155236,236,26,1,24,0,5,236,active,1607166000,1607166000,0,0
29,False,1,1,1,1607150999,237,16,0,23,0,2,237,active,1607166000,1607166000,0,0
30,False,1,1,1,1607160615,238,8,1,22,0,4,238,active,1607166000,1607166000,0,0
31,False,1,1,1,1607156514,239,20,2,9,0,1,239,active,1607166000,1607166000,0,0
32,False,1,1,1,1607149379,241,6,0,17,0,0,241,active,1607166000,1607166000,0,0
33,False,1,1,1,1607154195,242,31,0,15,0,0,242,active,1607166000,1607166000,1,0
34,False,1,1,1,1607160273,244,9,2,20,0,5,244,active,1607166000,1607166000,0,0
35,True,1,1,1,1607159942,245,0,2,21,0,0,245,active,1607166000,1607166000,0,0
36,False,1,1,1,1607158749,247,50,5,24,0,1,247,active,1607166000,1607166000,0,0
37,False,1,1,1,1607150584,248,70,0,21,0,1,248,active,1607166000,1607166000,0,0
38,False,1,1,1,1607151792,249,21,0,6,0,0,249,active,1607166000,1607166000,0,0
39,False,1,1,1,1607150585,250,8,0,32,0,2,250,active,1607166000,1607166000,0,0
40,False,1,1,1,1607154458,251,9,1,17,0,5,251,active,1607166000,1607166000,0,0
41,False,1,1,1,1607152833,252,21,0,12,0,1,252,active,1607166000,1607166000,0,0
42,False,1,1,1,1607150585,254,24,1,22,0,0,254,active,1607166000,1607166000,0,0
43,False,1,1,1,1607157497,257,59,1,19,0,2,257,active,1607166000,1607166000,0,0
44,False,1,1,1,1607149378,258,4,2,17,0,1,258,active,1607166000,1607166000,0,0
45,False,1,1,1,1607163781,259,19,2,18,0,2,259,active,1607166000,1607166000,0,0
46,False,1,1,1,1607152783,260,26,0,7,0,0,260,active,1607166000,1607166000,1,0
47,False,1,1,1,1607149378,261,11,0,30,0,3,261,active,1607166000,1607166000,0,0
48,False,1,1,1,1607149378,262,7,0,17,0,1,262,active,1607166000,1607166000,0,0
49,False,1,1,1,1607165670,264,0,19,0,8,0,264,active,1607166000,1607166000,0,0
50,False,1,1,1,1607162820,265,18,1,16,0,4,265,active,1607166000,1607166000,0,0
51,False,1,1,1,1607151790,267,7,1,70,0,1,267,active,1607166000,1607166000,0,0
52,False,1,1,1,1607165896,268,5,1,21,0,0,268,active,1607166000,1607166000,0,0
53,False,1,1,1,1607151792,270,6,0,17,0,5,270,active,1607166000,1607166000,0,0
54,False,1,1,1,1607160513,274,24,1,6,0,3,274,active,1607166000,1607166000,0,0
55,False,1,1,1,1607149379,275,4,0,15,0,0,275,active,1607166000,1607166000,0,0
56,False,1,1,1,1607149379,276,14,0,11,0,2,276,active,1607166000,1607166000,0,0
57,False,1,1,1,1607149379,278,9,0,10,0,0,278,active,1607166000,1607166000,0,0
58,False,0,0,0,1606931963,280,0,0,1,0,0,280,out_of_service,1607166000,1607166000,0,0
59,True,1,1,1,1607150585,281,30,0,36,0,1,281,active,1607166000,1607166000,1,0
60,False,1,1,1,1607156651,282,6,2,19,0,2,282,active,1607166000,1607166000,0,0
61,False,1,1,1,1607153147,284,29,1,21,0,1,284,active,1607166000,1607166000,0,0
62,True,1,1,1,1607159211,285,33,0,20,0,2,285,active,1607166000,1607166000,0,0
63,False,1,1,1,1607149379,289,3,1,15,0,2,289,active,1607166000,1607166000,0,0
64,False,1,1,1,1607151791,291,16,1,3,0,2,291,active,1607166000,1607166000,0,0
65,False,1,1,1,1607155999,293,34,2,18,0,1,293,active,1607166000,1607166000,0,0
66,False,1,1,1,1607156516,295,7,0,17,0,3,295,active,1607166000,1607166000,0,0
67,False,1,1,1,1607151790,297,76,1,0,0,2,297,active,1607166000,1607166000,0,0
68,False,1,1,1,1607158705,298,21,1,13,0,0,298,active,1607166000,1607166000,0,0
69,False,1,1,1,1607156961,301,18,0,40,0,1,301,active,1607166000,1607166000,0,0
70,False,1,1,1,1607156907,302,8,3,26,0,1,302,active,1607166000,1607166000,0,0
71,False,1,1,1,1607151790,303,47,0,20,0,6,303,active,1607166000,1607166000,0,0
72,True,1,1,1,1607150067,304,29,3,1,0,2,304,active,1607166000,1607166000,0,0
73,False,1,1,1,1607155392,305,13,1,19,0,0,305,active,1607166000,1607166000,0,0
74,False,1,1,1,1607150584,307,6,0,24,0,2,307,active,1607166000,1607166000,0,0
75,False,1,1,1,1607151792,308,36,1,11,0,2,308,active,1607166000,1607166000,0,0
76,False,1,1,1,1607151792,309,9,2,30,0,1,309,active,1607166000,1607166000,0,0
77,False,1,1,1,1607149379,310,66,0,0,0,1,310,active,1607166000,1607166000,0,0
78,False,1,1,1,1607154044,311,18,4,9,0,1,311,active,1607166000,1607166000,0,0
79,False,1,1,1,1607156716,312,19,1,13,0,5,312,active,1607166000,1607166000,1,0
80,False,1,1,1,1607149378,313,15,0,40,0,3,313,active,1607166000,1607166000,0,0
81,False,1,1,1,1607149380,315,10,3,16,0,1,315,active,1607166000,1607166000,0,0
82,False,1,1,1,1607150585,316,6,0,37,0,0,316,active,1607166000,1607166000,0,0
83,False,0,0,0,86400,317,0,0,0,0,0,317,out_of_service,1607166000,1607166000,0,0
84,False,1,1,1,1607152745,319,1,0,32,0,1,319,active,1607166000,1607166000,0,0
85,False,1,1,1,1607160286,320,4,1,30,0,0,320,active,1607166000,1607166000,0,0
86,False,1,1,1,1607161863,321,6,3,30,0,0,321,active,1607166000,1607166000,0,0
87,False,1,1,1,1607150408,323,30,0,9,0,1,323,active,1607166000,1607166000,0,0
88,False,1,1,1,1607156163,324,62,3,9,0,1,324,active,1607166000,1607166000,0,1
89,False,1,1,1,1607157822,325,12,1,22,0,0,325,active,1607166000,1607166000,0,0
90,False,1,1,1,1607153593,326,36,1,4,0,1,326,active,1607166000,1607166000,0,0
91,True,1,1,1,1607149379,327,20,0,19,0,0,327,active,1607166000,1607166000,1,0
92,False,1,1,1,1607159484,328,35,0,0,0,8,328,active,1607166000,1607166000,0,0
93,False,1,1,1,1607152670,330,21,1,20,0,1,330,active,1607166000,1607166000,1,0
94,False,1,1,1,1607150584,331,12,0,15,0,1,331,active,1607166000,1607166000,0,0
95,False,1,1,1,1607156381,332,28,0,8,0,7,332,active,1607166000,1607166000,0,0
96,False,1,1,1,1607154906,334,18,1,25,0,1,334,active,1607166000,1607166000,0,1
97,False,1,1,1,1607150586,335,9,0,18,0,1,335,active,1607166000,1607166000,0,0
98,False,1,1,1,1607150585,336,17,1,18,0,0,336,active,1607166000,1607166000,0,0
99,False,1,1,1,1607161365,340,5,4,18,0,1,340,active,1607166000,1607166000,0,0
100,False,1,1,1,1607151834,341,10,1,8,0,4,341,active,1607166000,1607166000,0,2
101,False,1,1,1,1607150688,342,17,0,11,1,2,342,active,1607166000,1607166000,0,0
102,False,1,1,1,1607149378,343,20,1,2,0,0,343,active,1607166000,1607166000,1,0
103,False,1,1,1,1607155932,344,7,1,15,0,5,344,active,1607166000,1607166000,0,0
104,False,1,1,1,1607150860,346,14,0,13,0,5,346,active,1607166000,1607166000,0,0
105,False,1,1,1,1607151792,347,16,0,38,0,3,347,active,1607166000,1607166000,1,0
106,False,1,1,1,1607165131,349,10,1,50,0,2,349,active,1607166000,1607166000,0,0
107,False,1,1,1,1607155598,350,38,2,6,1,0,350,active,1607166000,1607166000,0,0
108,False,1,1,1,1607149381,351,15,2,22,0,0,351,active,1607166000,1607166000,0,0
109,False,1,1,1,1607155784,353,9,1,17,0,2,353,active,1607166000,1607166000,0,0
110,False,1,1,1,1607161332,354,8,0,39,0,3,354,active,1607166000,1607166000,0,0
111,False,1,1,1,1607151792,355,8,2,33,0,0,355,active,1607166000,1607166000,0,0
112,False,1,0,0,1607151791,356,18,0,5,0,3,356,active,1607166000,1607166000,0,0
113,False,1,1,1,1607160752,358,22,2,26,0,2,358,active,1607166000,1607166000,0,0
114,False,1,1,1,1607138709,359,73,1,4,0,26,359,active,1607166000,1607166000,0,1
115,False,1,1,1,1607152231,360,12,2,25,0,3,360,active,1607166000,1607166000,1,0
116,False,1,1,1,1607157822,361,43,5,31,0,3,361,active,1607166000,1607166000,0,0
117,False,1,1,1,1607154205,362,9,0,48,0,1,362,active,1607166000,1607166000,0,0
118,False,0,0,0,1604843856,363,0,0,3,0,0,363,out_of_service,1607166000,1607166000,0,0
119,False,1,1,1,1607156489,364,4,1,22,0,0,364,active,1607166000,1607166000,0,0
120,False,1,1,1,1607149380,366,8,0,25,0,3,366,active,1607166000,1607166000,0,0
121,False,1,1,1,1607151791,367,9,0,34,0,2,367,active,1607166000,1607166000,1,0
122,False,1,1,1,1607155801,368,17,0,30,0,0,368,active,1607166000,1607166000,0,0
123,False,1,1,1,1607156691,369,21,0,55,0,0,369,active,1607166000,1607166000,0,0
124,False,1,1,1,1607149378,372,3,1,23,0,1,372,active,1607166000,1607166000,0,0
125,False,1,1,1,1607149378,373,11,2,6,0,2,373,active,1607166000,1607166000,0,0
126,False,1,1,1,1607157823,376,23,1,19,0,1,376,active,1607166000,1607166000,0,0
127,False,1,1,1,1607154259,377,39,0,9,0,1,377,active,1607166000,1607166000,0,0
128,False,1,1,1,1607165366,379,52,1,3,0,15,379,active,1607166000,1607166000,0,2
129,False,1,1,1,1607155603,380,27,1,14,0,2,380,active,1607166000,1607166000,0,0
130,False,1,1,1,1607154951,383,28,1,10,0,11,383,active,1607166000,1607166000,0,0
131,False,1,1,1,1607153186,385,8,1,20,0,2,385,active,1607166000,1607166000,0,1
132,False,1,1,1,1607159028,386,59,0,23,0,0,386,active,1607166000,1607166000,0,0
133,False,1,1,1,1607152408,387,9,3,27,0,2,387,active,1607166000,1607166000,0,0
134,False,1,1,1,1607158325,388,32,0,3,0,2,388,active,1607166000,1607166000,0,0
135,False,1,1,1,1607151317,389,11,0,16,0,5,389,active,1607166000,1607166000,0,0
136,False,1,1,1,1607151887,390,12,2,17,0,0,390,active,1607166000,1607166000,0,0
137,False,1,1,1,1607161170,391,13,3,26,0,1,391,active,1607166000,1607166000,0,0
138,False,1,1,1,1607150884,392,29,3,3,0,2,392,active,1607166000,1607166000,0,0
139,False,1,1,1,1607154160,393,36,0,1,0,1,393,active,1607166000,1607166000,0,0
140,False,1,1,1,1607155596,394,21,0,13,0,9,394,active,1607166000,1607166000,0,0
141,False,1,1,1,1607165058,396,1,0,24,0,0,396,active,1607166000,1607166000,0,0
142,False,1,1,1,1607149378,397,7,0,68,0,0,397,active,1607166000,1607166000,0,0
143,False,1,1,1,1607149379,398,26,1,4,0,7,398,active,1607166000,1607166000,0,0
144,False,1,1,1,1607154448,399,2,0,37,0,0,399,active,1607166000,1607166000,0,0
145,False,1,1,1,1607150584,400,13,0,1,1,1,400,active,1607166000,1607166000,0,0
146,False,1,1,1,1607156635,401,7,0,35,0,3,401,active,1607166000,1607166000,0,0
147,False,1,1,1,1607165859,402,20,1,18,0,0,402,active,1607166000,1607166000,0,0
148,False,1,1,1,1607151689,403,28,0,3,0,1,403,active,1607166000,1607166000,0,0
149,False,1,1,1,1607151652,405,17,0,34,0,2,405,active,1607166000,1607166000,0,0
150,False,1,1,1,1607159103,406,3,2,15,0,1,406,active,1607166000,1607166000,0,0
151,False,1,1,1,1607150585,408,30,2,13,0,2,408,active,1607166000,1607166000,0,1
152,False,1,1,1,1607155665,410,23,0,56,0,7,410,active,1607166000,1607166000,0,1
153,False,1,1,1,1607158626,411,14,1,16,0,3,411,active,1607166000,1607166000,0,1
154,False,1,1,1,1607165602,412,4,6,19,0,2,412,active,1607166000,1607166000,0,0
155,False,1,1,1,1607151724,415,31,2,13,0,3,415,active,1607166000,1607166000,0,0
156,False,1,1,1,1607149379,416,8,0,23,0,1,416,active,1607166000,1607166000,0,0
157,False,1,1,1,1607150584,417,11,0,14,0,1,417,active,1607166000,1607166000,0,0
158,False,1,1,1,1607150439,418,28,2,7,0,0,418,active,1607166000,1607166000,0,0
159,False,1,1,1,1607161069,419,5,1,17,0,2,419,active,1607166000,1607166000,0,0
160,False,1,1,1,1607149379,420,9,1,41,0,4,420,active,1607166000,1607166000,0,0
161,False,1,1,1,1607149379,421,4,0,15,0,0,421,active,1607166000,1607166000,0,0
162,False,1,1,1,1607153667,422,44,2,32,0,24,422,active,1607166000,1607166000,0,0
163,False,1,1,1,1607151807,423,2,4,21,0,0,423,active,1607166000,1607166000,0,0
164,True,1,1,1,1607159940,426,11,1,18,0,2,426,active,1607166000,1607166000,0,0
165,False,1,1,1,1607149379,427,33,0,14,0,0,427,active,1607166000,1607166000,0,0
166,False,1,1,1,1607154711,432,29,1,1,0,5,432,active,1607166000,1607166000,0,0
167,False,1,1,1,1607153337,434,55,3,2,0,2,434,active,1607166000,1607166000,0,0
168,False,1,1,1,1607154551,435,31,2,17,0,2,435,active,1607166000,1607166000,0,0
169,False,1,1,1,1607149381,436,1,0,26,0,0,436,active,1607166000,1607166000,0,0
170,False,1,1,1,1607152016,437,3,0,21,0,3,437,active,1607166000,1607166000,0,0
171,False,1,0,0,1607165802,438,36,0,11,0,3,438,active,1607166000,1607166000,0,0
172,False,1,1,1,1607161846,439,37,3,3,0,6,439,active,1607166000,1607166000,0,0
173,False,1,1,1,1607156774,440,13,0,19,0,3,440,active,1607166000,1607166000,0,0
174,False,1,1,1,1607165035,442,25,1,25,0,0,442,active,1607166000,1607166000,0,0
175,False,1,1,1,1607149379,443,7,2,14,0,1,443,active,1607166000,1607166000,0,1
176,False,1,1,1,1607151791,445,63,3,14,0,6,445,active,1607166000,1607166000,0,0
177,False,1,1,1,1607160411,446,39,2,38,0,1,446,active,1607166000,1607166000,0,0
178,False,1,1,1,1607154674,447,11,1,18,1,3,447,active,1607166000,1607166000,0,0
179,False,1,1,1,1607159028,448,9,2,16,0,6,448,active,1607166000,1607166000,0,0
180,False,1,1,1,1607153096,450,36,4,27,0,9,450,active,1607166000,1607166000,0,0
181,False,1,1,1,1607161323,453,45,1,20,0,3,453,active,1607166000,1607166000,0,0
182,False,1,1,1,1607157349,454,5,0,30,0,2,454,active,1607166000,1607166000,0,0
183,False,1,1,1,1607151790,455,10,2,47,0,0,455,active,1607166000,1607166000,0,0
184,False,1,1,1,1607163194,456,2,0,32,0,1,456,active,1607166000,1607166000,0,0
185,False,1,1,1,1607161439,457,32,2,45,0,2,457,active,1607166000,1607166000,0,0
186,False,1,1,1,1607164320,458,19,0,12,0,7,458,active,1607166000,1607166000,1,0
187,False,1,1,1,1607149378,460,18,0,7,0,7,460,active,1607166000,1607166000,0,0
188,False,1,1,1,1607151790,461,39,0,17,0,1,461,active,1607166000,1607166000,1,0
189,False,1,1,1,1607156836,462,41,2,34,0,5,462,active,1607166000,1607166000,0,0
190,False,1,1,1,1607150587,464,10,1,42,0,0,464,active,1607166000,1607166000,0,0
191,False,1,1,1,1607151791,465,12,0,27,0,1,465,active,1607166000,1607166000,0,0
192,False,1,1,1,1607152775,466,15,0,13,7,0,466,active,1607166000,1607166000,0,0
193,False,1,1,1,1607155233,467,9,0,25,0,3,467,active,1607166000,1607166000,0,0
194,False,1,1,1,1607159389,468,19,4,42,0,0,468,active,1607166000,1607166000,0,0
195,False,1,1,1,1607163825,469,5,1,51,0,1,469,active,1607166000,1607166000,0,1
196,False,1,1,1,1607163900,470,59,0,25,0,0,470,active,1607166000,1607166000,0,0
197,False,1,1,1,1607160541,471,6,2,23,0,1,471,active,1607166000,1607166000,0,0
198,False,1,1,1,1607151791,472,6,0,49,0,4,472,active,1607166000,1607166000,0,2
199,False,1,1,1,1607151924,473,38,1,25,0,0,473,active,1607166000,1607166000,0,0
200,False,1,1,1,1607158637,474,11,0,45,0,0,474,active,1607166000,1607166000,0,0
201,False,1,1,1,1607161841,476,31,1,33,0,3,476,active,1607166000,1607166000,0,0
202,False,1,1,1,1607158138,477,65,1,5,0,25,477,active,1607166000,1607166000,0,1
203,False,1,1,1,1607164043,478,24,2,11,0,5,478,active,1607166000,1607166000,3,0
204,False,1,1,1,1607150585,479,20,1,10,0,4,479,active,1607166000,1607166000,0,1
205,False,1,1,1,1607159028,480,22,0,7,0,8,480,active,1607166000,1607166000,0,0
206,False,1,1,1,1607160242,481,7,0,18,0,0,481,active,1607166000,1607166000,0,0
207,False,1,1,1,1607165990,482,63,3,13,0,10,482,active,1607166000,1607166000,1,0
208,False,1,1,1,1607157979,483,23,0,11,0,13,483,active,1607166000,1607166000,0,0
209,False,1,1,1,1607150584,484,27,1,18,0,0,484,active,1607166000,1607166000,0,0
210,False,1,1,1,1607159028,485,8,0,32,0,0,485,active,1607166000,1607166000,0,0
211,False,1,1,1,1607144939,486,1,1,39,0,0,486,active,1607166000,1607166000,0,0
212,False,1,1,1,1607151790,487,22,0,13,0,4,487,active,1607166000,1607166000,0,0
213,False,1,1,1,1607165215,489,46,1,2,0,3,489,active,1607166000,1607166000,0,0
214,False,1,1,1,1607165584,490,62,1,3,0,5,490,active,1607166000,1607166000,0,2
215,False,1,1,1,1607164068,492,64,3,1,0,32,492,active,1607166000,1607166000,0,3
216,False,1,1,1,1607163767,494,44,0,22,0,1,494,active,1607166000,1607166000,1,0
217,False,1,1,1,1607164081,495,32,2,5,0,5,495,active,1607166000,1607166000,0,0
218,False,1,1,1,1607151790,496,37,0,28,0,1,496,active,1607166000,1607166000,1,0
219,False,1,1,1,1607157823,497,28,0,38,0,1,497,active,1607166000,1607166000,0,0
220,True,1,1,1,1607162188,499,5,3,28,0,0,499,active,1607166000,1607166000,0,0
221,False,1,1,1,1607155357,500,13,1,38,0,0,500,active,1607166000,1607166000,0,0
222,False,1,1,1,1607164283,501,41,0,42,0,25,501,active,1607166000,1607166000,0,0
223,False,1,1,1,1607164946,502,25,2,9,0,7,502,active,1607166000,1607166000,0,0
224,False,1,1,1,1607151791,503,18,1,12,0,0,503,active,1607166000,1607166000,0,0
225,False,1,1,1,1607157394,504,52,0,2,0,10,504,active,1607166000,1607166000,0,0
226,False,1,1,1,1607165952,505,27,2,23,0,2,505,active,1607166000,1607166000,0,0
227,False,1,1,1,1607154220,507,22,2,21,0,7,507,active,1607166000,1607166000,0,0
228,False,1,1,1,1607156748,508,13,1,11,0,10,508,active,1607166000,1607166000,0,0
229,False,1,1,1,1607162225,509,49,0,12,0,6,509,active,1607166000,1607166000,0,0
230,False,1,1,1,1607165287,510,20,0,35,0,9,510,active,1607166000,1607166000,1,0
231,False,1,1,1,1607156617,513,10,0,19,0,1,513,active,1607166000,1607166000,1,0
232,True,1,1,1,1607150586,514,45,2,5,0,8,514,active,1607166000,1607166000,0,0
233,False,1,1,1,1607159455,515,64,3,12,0,30,515,active,1607166000,1607166000,1,0
234,False,1,1,1,1607151791,516,21,0,10,0,4,516,active,1607166000,1607166000,0,0
235,False,1,1,1,1607161421,517,35,1,33,0,11,517,active,1607166000,1607166000,0,1
236,False,1,1,1,1607163713,519,34,1,14,0,6,519,active,1607166000,1607166000,2,0
237,False,1,1,1,1607151790,522,6,0,45,0,0,522,active,1607166000,1607166000,0,0
238,False,1,1,1,1607150586,525,35,2,19,0,0,525,active,1607166000,1607166000,0,0
239,False,1,1,1,86400,526,0,0,0,0,0,526,active,1607166000,1607166000,0,0
240,False,1,1,1,1607161460,528,15,2,22,0,2,528,active,1607166000,1607166000,0,0
241,False,1,1,1,1607152077,529,20,0,21,0,2,529,active,1607166000,1607166000,0,1
242,False,1,1,1,1607153571,530,14,0,10,0,6,530,active,1607166000,1607166000,0,1
243,False,1,1,1,1607155333,531,39,7,14,0,3,531,active,1607166000,1607166000,1,0
244,False,1,1,1,1607163581,532,33,2,8,0,6,532,active,1607166000,1607166000,0,0
245,False,1,1,1,1607151790,533,18,2,26,0,0,533,active,1607166000,1607166000,0,0
246,False,1,1,1,1607149380,534,21,0,10,0,2,534,active,1607166000,1607166000,0,0
247,False,1,1,1,1607153589,536,6,1,21,0,1,536,active,1607166000,1607166000,2,0
248,False,1,1,1,1607150152,539,22,2,7,0,2,539,active,1607166000,1607166000,0,0
249,False,1,1,1,1607151793,540,7,2,45,0,1,540,active,1607166000,1607166000,0,1
250,False,1,1,1,1607155409,545,23,0,4,0,3,545,active,1607166000,1607166000,2,0
251,False,1,0,0,86400,546,0,0,0,0,0,546,active,1607166000,1607166000,0,0
252,False,1,1,1,1607161258,2000,41,2,14,0,0,2000,active,1607166000,1607166000,0,0
253,False,1,1,1,1607157282,2002,23,1,3,0,2,2002,active,1607166000,1607166000,0,0
254,False,1,1,1,1607156058,2003,32,0,22,0,7,2003,active,1607166000,1607166000,0,0
255,False,1,1,1,1607151792,2005,7,0,5,0,0,2005,active,1607166000,1607166000,0,0
256,True,1,1,1,1607155851,2006,12,3,34,0,0,2006,active,1607166000,1607166000,0,0
257,True,1,1,1,1607152292,2008,19,3,2,0,3,2008,active,1607166000,1607166000,0,1
258,False,1,1,1,1607156369,2009,29,1,5,0,1,2009,active,1607166000,1607166000,0,0
259,False,1,1,1,1607161964,2010,45,1,19,0,2,2010,active,1607166000,1607166000,0,0
260,False,1,1,1,1607162830,2012,21,0,14,0,0,2012,active,1607166000,1607166000,1,0
261,False,1,1,1,1607151790,2017,14,2,23,0,2,2017,active,1607166000,1607166000,0,0
262,False,1,1,1,1607150584,2021,16,2,47,0,7,2021,active,1607166000,1607166000,0,0
263,False,1,1,1,1607151791,2022,2,0,31,0,1,2022,active,1607166000,1607166000,0,0
264,False,1,1,1,1607154203,3016,41,1,12,0,2,3016,active,1607166000,1607166000,0,0
265,False,1,1,1,1607165120,3041,8,2,14,0,2,3041,active,1607166000,1607166000,0,0
266,False,1,1,1,1607157705,3042,3,1,15,0,1,3042,active,1607166000,1607166000,0,0
267,False,1,1,1,1607165558,3043,1,0,18,0,1,3043,active,1607166000,1607166000,0,0
268,False,1,1,1,1607152998,3044,13,1,13,0,0,3044,active,1607166000,1607166000,0,0
269,False,1,1,1,1607152998,3046,4,0,15,0,2,3046,active,1607166000,1607166000,0,0
270,False,1,1,1,1607154914,3047,1,0,20,0,0,3047,active,1607166000,1607166000,0,0
271,False,1,1,1,1607152998,3048,6,1,12,0,3,3048,active,1607166000,1607166000,0,0
272,False,1,1,1,1607152997,3049,5,1,11,1,3,3049,active,1607166000,1607166000,0,0
273,False,1,1,1,1607152998,3050,6,1,14,0,3,3050,active,1607166000,1607166000,0,0
274,False,1,1,1,1607152998,3052,3,1,19,0,2,3052,active,1607166000,1607166000,0,0
275,False,1,1,1,1607152998,3053,0,0,23,0,0,3053,active,1607166000,1607166000,0,0
276,False,1,1,1,1607157059,3054,9,1,9,0,3,3054,active,1607166000,1607166000,1,0
277,False,1,1,1,1607155123,3055,4,1,18,0,1,3055,active,1607166000,1607166000,0,0
278,False,1,1,1,1607152997,3056,7,0,16,0,3,3056,active,1607166000,1607166000,0,0
279,False,1,1,1,1607163616,3057,11,0,7,0,2,3057,active,1607166000,1607166000,0,0
280,False,1,1,1,1607152997,3058,6,1,17,0,3,3058,active,1607166000,1607166000,0,0
281,False,1,1,1,1607162625,3059,0,0,19,0,0,3059,active,1607166000,1607166000,0,0
282,False,1,1,1,1607152996,3060,6,0,13,0,4,3060,active,1607166000,1607166000,0,0
283,False,1,1,1,1607152997,3061,5,1,15,0,1,3061,active,1607166000,1607166000,0,0
284,False,1,1,1,1607153458,3062,7,0,16,0,1,3062,active,1607166000,1607166000,0,0
285,False,1,1,1,1607152997,3063,8,1,11,0,0,3063,active,1607166000,1607166000,0,0
286,False,1,1,1,1607154150,3064,0,1,21,1,0,3064,active,1607166000,1607166000,0,0
287,False,1,1,1,1607153088,3065,17,0,14,0,1,3065,active,1607166000,1607166000,0,0
288,False,1,1,1,1607160117,3066,15,2,2,0,1,3066,active,1607166000,1607166000,0,0
289,False,1,1,1,1607152997,3067,18,0,9,0,0,3067,active,1607166000,1607166000,0,0
290,False,1,1,1,1607158719,3068,19,0,23,0,4,3068,active,1607166000,1607166000,0,0
291,False,1,1,1,1607152998,3069,6,0,23,0,0,3069,active,1607166000,1607166000,0,0
292,False,1,1,1,1607156005,3070,17,1,5,0,0,3070,active,1607166000,1607166000,0,0
293,False,1,1,1,1607154650,3071,6,0,13,0,1,3071,active,1607166000,1607166000,0,0
294,False,1,1,1,1607152997,3072,6,1,17,0,1,3072,active,1607166000,1607166000,0,0
295,False,1,1,1,1607158554,3074,5,0,37,0,1,3074,active,1607166000,1607166000,0,0
296,False,1,1,1,1607152997,3075,0,0,33,0,0,3075,active,1607166000,1607166000,0,0
297,False,1,1,1,1607152996,3076,4,0,32,0,0,3076,active,1607166000,1607166000,0,0
298,False,1,1,1,1607164704,3077,9,0,24,0,3,3077,active,1607166000,1607166000,0,0
299,False,1,1,1,1607153017,3078,11,2,14,0,1,3078,active,1607166000,1607166000,0,0
300,False,1,1,1,1607154203,3080,3,0,18,0,0,3080,active,1607166000,1607166000,0,0
301,False,1,1,1,1607160235,3081,13,1,15,0,5,3081,active,1607166000,1607166000,0,0
302,False,1,1,1,1607162868,3082,4,0,21,0,0,3082,active,1607166000,1607166000,0,0
303,False,1,1,1,1607154681,3083,6,1,25,0,5,3083,active,1607166000,1607166000,0,0
304,False,1,1,1,1607155345,3085,12,0,13,0,1,3085,active,1607166000,1607166000,0,0
305,False,1,1,1,1607165679,3086,0,17,0,13,0,3086,active,1607166000,1607166000,0,0
306,False,1,1,1,1607152997,3087,18,0,12,0,3,3087,active,1607166000,1607166000,0,0
307,False,1,1,1,1607154879,3088,9,0,10,0,0,3088,active,1607166000,1607166000,0,0
308,False,1,1,1,1607157057,3092,9,0,18,0,2,3092,active,1607166000,1607166000,0,0
309,False,1,1,1,1607152997,3093,17,1,10,0,1,3093,active,1607166000,1607166000,0,0
310,False,1,1,1,1607157970,3094,7,1,9,0,0,3094,active,1607166000,1607166000,0,0
311,False,1,1,1,1607152998,3095,6,0,20,0,0,3095,active,1607166000,1607166000,0,0
312,False,1,1,1,1607159497,3096,22,0,17,0,2,3096,active,1607166000,1607166000,0,0
313,False,1,1,1,1607154206,3100,21,0,30,0,2,3100,active,1607166000,1607166000,0,0
314,False,1,1,1,1607153018,3101,17,0,10,0,0,3101,active,1607166000,1607166000,0,0
315,False,1,1,1,1607152996,3102,19,0,8,0,2,3102,active,1607166000,1607166000,0,0
316,False,1,1,1,1607152997,3105,20,1,3,0,1,3105,active,1607166000,1607166000,0,0
317,False,1,1,1,1607163919,3106,6,1,15,0,1,3106,active,1607166000,1607166000,0,0
318,False,1,1,1,1607152997,3107,37,0,2,0,3,3107,active,1607166000,1607166000,0,0
319,False,1,1,1,1607164846,3108,9,2,40,0,1,3108,active,1607166000,1607166000,0,0
320,False,1,1,1,1607160866,3109,23,0,8,0,1,3109,active,1607166000,1607166000,0,0
321,False,1,1,1,1607152997,3110,25,3,0,0,5,3110,active,1607166000,1607166000,0,0
322,False,1,1,1,1607165281,3112,22,1,10,0,0,3112,active,1607166000,1607166000,0,0
323,False,1,1,1,1607151792,3113,25,1,1,0,1,3113,active,1607166000,1607166000,0,0
324,False,1,1,1,1607151793,3115,48,2,0,0,2,3115,active,1607166000,1607166000,0,0
325,False,1,1,1,1607154203,3116,33,1,1,0,1,3116,active,1607166000,1607166000,0,0
326,False,1,1,1,1607157388,3117,8,2,17,0,2,3117,active,1607166000,1607166000,0,0
327,False,1,1,1,1607152997,3118,37,3,2,0,5,3118,active,1607166000,1607166000,0,0
328,False,1,1,1,1607151793,3119,0,0,45,0,0,3119,active,1607166000,1607166000,0,0
329,False,1,1,1,1607151792,3121,17,0,10,0,1,3121,active,1607166000,1607166000,0,0
330,False,1,1,1,1607154203,3122,11,0,68,0,1,3122,active,1607166000,1607166000,0,0
331,False,1,1,1,1607153002,3123,40,0,7,0,16,3123,active,1607166000,1607166000,0,0
332,False,1,1,1,1607151793,3124,8,0,35,0,1,3124,active,1607166000,1607166000,0,0
333,False,1,1,1,1607151793,3125,5,0,18,0,0,3125,active,1607166000,1607166000,0,0
334,False,1,1,1,1607151791,3126,5,0,29,0,0,3126,active,1607166000,1607166000,0,0
335,False,1,1,1,1607151791,3127,4,0,31,0,0,3127,active,1607166000,1607166000,0,0
336,False,1,1,1,1607152997,3128,5,0,22,0,0,3128,active,1607166000,1607166000,0,0
337,True,1,1,1,1607162733,3129,10,1,29,0,0,3129,active,1607166000,1607166000,0,0
338,False,1,1,1,1607154731,3130,9,1,20,0,4,3130,active,1607166000,1607166000,0,0
339,False,1,1,1,1607154204,3131,2,0,29,0,0,3131,active,1607166000,1607166000,0,0
340,False,1,1,1,1607152997,3132,12,0,23,0,2,3132,active,1607166000,1607166000,0,0
341,False,1,1,1,1607161923,3134,43,1,7,0,19,3134,active,1607166000,1607166000,0,1
342,False,1,1,1,1607152999,3135,9,0,32,0,2,3135,active,1607166000,1607166000,0,0
343,False,1,1,1,1607152999,3136,18,3,26,0,0,3136,active,1607166000,1607166000,0,0
344,True,1,1,1,1607154203,3137,8,6,17,0,0,3137,active,1607166000,1607166000,1,0
345,False,1,1,1,1607152997,3139,7,0,36,0,0,3139,active,1607166000,1607166000,0,0
346,False,1,1,1,1607154204,3140,12,0,43,0,1,3140,active,1607166000,1607166000,0,2
347,False,1,1,1,1607165504,3141,18,0,40,0,3,3141,active,1607166000,1607166000,2,0
348,False,1,1,1,1607155046,3142,9,4,28,0,1,3142,active,1607166000,1607166000,0,0
349,False,1,1,1,1607160353,3143,20,3,24,0,0,3143,active,1607166000,1607166000,0,0
350,False,1,1,1,1607154984,3144,0,0,46,0,0,3144,active,1607166000,1607166000,0,0
351,False,1,1,1,1607159591,3145,13,0,32,0,9,3145,active,1607166000,1607166000,0,0
352,False,1,1,1,1607160028,3146,9,0,38,0,5,3146,active,1607166000,1607166000,0,0
353,False,1,1,1,1607161484,3147,14,0,25,0,4,3147,active,1607166000,1607166000,0,1
354,False,1,1,1,1607159157,3148,24,0,7,0,10,3148,active,1607166000,1607166000,0,0
355,False,1,1,1,1607152999,3150,7,1,39,0,4,3150,active,1607166000,1607166000,0,0
356,False,1,1,1,1607154203,3151,14,1,28,0,5,3151,active,1607166000,1607166000,0,1
357,False,1,1,1,1607154203,3152,5,0,37,0,2,3152,active,1607166000,1607166000,0,0
358,False,1,1,1,1607154203,3154,6,2,23,0,0,3154,active,1607166000,1607166000,0,0
359,False,1,1,1,1607165237,3156,13,0,24,0,0,3156,active,1607166000,1607166000,2,0
360,False,1,1,1,1607158391,3157,27,0,0,0,16,3157,active,1607166000,1607166000,0,0
361,False,1,1,1,1607165849,3158,9,0,22,0,4,3158,active,1607166000,1607166000,0,0
362,False,1,1,1,1607155999,3159,21,0,10,0,13,3159,active,1607166000,1607166000,0,0
363,True,1,1,1,1607152997,3160,13,2,24,0,5,3160,active,1607166000,1607166000,0,1
364,False,1,1,1,1607165731,3161,12,1,46,0,5,3161,active,1607166000,1607166000,0,0
365,True,1,1,1,1607154560,3163,7,0,36,0,5,3163,active,1607166000,1607166000,0,1
366,False,1,1,1,86400,3164,0,0,0,0,0,3164,active,1607166000,1607166000,0,0
367,True,1,1,1,1607152998,3165,2,2,47,0,2,3165,active,1607166000,1607166000,0,0
368,False,1,1,1,1607155048,3166,14,1,26,0,9,3166,active,1607166000,1607166000,0,0
369,False,1,1,1,1607163913,3167,15,1,39,0,8,3167,active,1607166000,1607166000,0,1
370,False,1,1,1,1607162174,3169,9,1,29,0,1,3169,active,1607166000,1607166000,0,0
371,False,1,1,1,1607152998,3170,6,1,28,0,5,3170,active,1607166000,1607166000,0,0
372,False,1,1,1,1607162138,3171,10,0,29,0,2,3171,active,1607166000,1607166000,0,0
373,False,1,1,1,1607163831,3172,10,0,17,0,4,3172,active,1607166000,1607166000,0,0
374,False,1,1,1,1607155851,3173,7,3,29,0,0,3173,active,1607166000,1607166000,0,0
375,False,1,1,1,1607152998,3175,16,1,14,0,5,3175,active,1607166000,1607166000,0,0
376,False,1,1,1,1607162830,3177,10,0,53,0,4,3177,active,1607166000,1607166000,0,0
377,False,1,1,1,1607155725,3178,2,2,35,0,1,3178,active,1607166000,1607166000,0,0
378,False,1,1,1,1607154799,3179,5,0,18,0,0,3179,active,1607166000,1607166000,0,0
379,False,1,1,1,1607154206,3184,11,0,2,0,0,3184,active,1607166000,1607166000,0,0
380,False,1,1,1,1607152998,3185,15,0,7,0,0,3185,active,1607166000,1607166000,0,0
381,False,1,1,1,1607165092,3186,21,0,21,0,0,3186,active,1607166000,1607166000,0,0
382,False,1,1,1,1607152998,3187,11,0,11,0,0,3187,active,1607166000,1607166000,0,0
383,False,1,1,1,1607154208,3191,8,0,10,0,0,3191,active,1607166000,1607166000,0,0
384,False,1,1,1,1607152997,3192,13,0,9,0,0,3192,active,1607166000,1607166000,0,0
385,False,1,0,0,1607095358,3193,15,0,3,0,0,3193,active,1607166000,1607166000,0,0
386,False,1,1,1,1607165488,3194,10,0,12,0,0,3194,active,1607166000,1607166000,0,0
387,False,1,0,0,1607128347,3195,20,0,14,0,0,3195,active,1607166000,1607166000,0,0
388,False,1,1,1,1607154203,3196,2,0,16,0,0,3196,active,1607166000,1607166000,0,0
389,False,1,1,1,1607152999,3198,1,0,17,0,0,3198,active,1607166000,1607166000,0,0
390,False,1,1,1,1607155897,3199,8,1,5,0,0,3199,active,1607166000,1607166000,0,0
391,False,1,1,1,1607152997,3201,8,0,10,0,0,3201,active,1607166000,1607166000,0,0
392,False,1,1,1,1607152999,3202,15,0,3,0,0,3202,active,1607166000,1607166000,0,0
393,False,1,1,1,1607152999,3203,22,0,4,0,0,3203,active,1607166000,1607166000,0,0
394,False,1,1,1,1607154203,3205,22,0,0,0,0,3205,active,1607166000,1607166000,0,0
395,False,1,1,1,1607152999,3206,2,0,24,0,0,3206,active,1607166000,1607166000,0,0
396,False,1,1,1,1607154203,3207,0,0,26,0,0,3207,active,1607166000,1607166000,0,0
397,False,1,1,1,1607154203,3209,15,0,7,0,0,3209,active,1607166000,1607166000,0,0
398,False,1,1,1,1607154202,3210,0,0,18,0,0,3210,active,1607166000,1607166000,0,0
399,False,1,1,1,1607152998,3211,21,0,1,0,0,3211,active,1607166000,1607166000,0,0
400,False,1,1,1,1607154202,3212,1,0,21,0,0,3212,active,1607166000,1607166000,0,0
401,False,1,1,1,1607152998,3213,15,0,7,0,0,3213,active,1607166000,1607166000,0,0
402,False,1,1,1,1607152998,3214,2,1,19,0,0,3214,active,1607166000,1607166000,0,0
403,False,1,1,1,1607152998,3220,7,0,11,0,0,3220,active,1607166000,1607166000,0,0
404,False,1,1,1,1607152998,3221,4,1,22,0,1,3221,active,1607166000,1607166000,0,0
405,False,1,1,1,1607164598,3225,8,0,6,0,0,3225,active,1607166000,1607166000,0,0
406,True,1,1,1,1607154203,3226,3,1,41,0,1,3226,active,1607166000,1607166000,0,0
407,False,1,1,1,1607158643,3231,3,0,36,0,2,3231,active,1607166000,1607166000,1,0
408,False,1,1,1,1607151787,3232,45,1,1,0,7,3232,active,1607166000,1607166000,0,0
409,False,1,1,1,1607150585,3233,16,0,23,0,1,3233,active,1607166000,1607166000,1,0
410,False,1,1,1,1607165082,3235,13,1,12,0,4,3235,active,1607166000,1607166000,0,0
411,False,1,1,1,1607158264,3236,13,0,20,0,5,3236,active,1607166000,1607166000,0,0
412,False,1,1,1,1607154203,3241,2,0,17,0,2,3241,active,1607166000,1607166000,0,0
413,False,1,1,1,1607152738,3242,27,1,11,0,4,3242,active,1607166000,1607166000,0,0
414,False,1,1,1,1607154203,3243,2,0,27,0,0,3243,active,1607166000,1607166000,0,0
415,False,1,1,1,1607154968,3244,15,2,62,0,2,3244,active,1607166000,1607166000,0,0
416,False,1,1,1,1607157080,3246,3,1,45,0,2,3246,active,1607166000,1607166000,0,0
417,False,1,1,1,1607154203,3249,1,0,18,0,1,3249,active,1607166000,1607166000,0,0
418,False,1,1,1,1607160241,3255,16,2,0,0,2,3255,active,1607166000,1607166000,0,1
419,False,1,1,1,1607154203,3256,17,0,6,0,0,3256,active,1607166000,1607166000,2,0
420,False,1,1,1,1607164756,3259,20,1,6,0,4,3259,active,1607166000,1607166000,0,0
421,False,1,1,1,1607165255,3260,11,2,32,0,0,3260,active,1607166000,1607166000,0,0
422,False,1,1,1,1607150586,3263,36,0,23,0,2,3263,active,1607166000,1607166000,0,1
423,False,1,1,1,1607154203,3267,4,0,10,0,0,3267,active,1607166000,1607166000,0,0
424,False,1,1,1,1607154203,3268,12,0,2,0,0,3268,active,1607166000,1607166000,0,1
425,False,1,1,1,1607155410,3269,5,0,9,0,0,3269,active,1607166000,1607166000,0,0
426,False,1,1,1,1607154203,3270,6,0,8,0,0,3270,active,1607166000,1607166000,0,0
427,False,1,1,1,1607154203,3272,8,0,6,0,0,3272,active,1607166000,1607166000,0,0
428,False,1,1,1,1607154204,3273,14,0,4,0,0,3273,active,1607166000,1607166000,0,0
429,False,1,1,1,1607154204,3275,11,0,3,0,0,3275,active,1607166000,1607166000,0,0
430,False,1,1,1,1607154203,3276,19,0,7,0,0,3276,active,1607166000,1607166000,1,0
431,False,1,1,1,1607155409,3277,11,0,3,0,0,3277,active,1607166000,1607166000,0,0
432,False,1,1,1,1607154203,3278,2,0,12,0,0,3278,active,1607166000,1607166000,0,0
433,False,1,1,1,1607154203,3279,9,0,9,0,0,3279,active,1607166000,1607166000,0,0
434,False,1,1,1,1607155409,3280,12,0,2,0,0,3280,active,1607166000,1607166000,0,0
435,False,1,1,1,1607154203,3281,1,0,13,0,0,3281,active,1607166000,1607166000,0,0
436,True,1,1,1,1607154204,3282,4,3,31,0,0,3282,active,1607166000,1607166000,1,0
437,False,1,1,1,1607155409,3283,28,1,18,0,3,3283,active,1607166000,1607166000,0,0
438,False,1,1,1,1607154203,3284,3,0,35,0,1,3284,active,1607166000,1607166000,0,0
439,False,1,1,1,1607157791,3285,5,2,36,0,2,3285,active,1607166000,1607166000,0,0
440,False,1,1,1,1607156617,3286,9,0,30,0,3,3286,active,1607166000,1607166000,0,0
441,False,1,1,1,1607152998,3287,4,0,43,0,3,3287,active,1607166000,1607166000,0,0
442,False,1,1,1,1607165732,3288,15,0,24,0,8,3288,active,1607166000,1607166000,0,0
443,False,1,1,1,1607159954,3289,7,1,24,0,1,3289,active,1607166000,1607166000,0,0
444,False,1,1,1,1607165170,3290,15,1,19,0,10,3290,active,1607166000,1607166000,1,0
445,True,1,1,1,1607165231,3292,28,0,15,0,18,3292,active,1607166000,1607166000,0,0
446,False,1,1,1,1607161458,3293,6,1,17,0,3,3293,active,1607166000,1607166000,0,0
447,True,1,1,1,1607160781,3294,2,0,36,0,1,3294,active,1607166000,1607166000,0,0
448,False,1,1,1,1607158219,3296,11,1,30,0,1,3296,active,1607166000,1607166000,0,0
449,False,1,1,1,1607155409,3297,0,1,20,0,0,3297,active,1607166000,1607166000,0,0
450,False,1,1,1,1607155408,3298,21,0,2,0,0,3298,active,1607166000,1607166000,0,0
451,False,1,1,1,1607157822,3299,3,0,22,0,0,3299,active,1607166000,1607166000,0,0
452,False,1,1,1,1607155409,3300,2,0,23,0,2,3300,active,1607166000,1607166000,0,0
453,False,1,1,1,1607161888,3301,21,3,15,0,13,3301,active,1607166000,1607166000,0,0
454,False,1,1,1,1607154205,3302,2,1,19,0,2,3302,active,1607166000,1607166000,0,0
455,False,1,1,1,1607154204,3303,25,0,0,0,0,3303,active,1607166000,1607166000,0,0
456,False,1,1,1,1607155410,3304,4,2,21,0,0,3304,active,1607166000,1607166000,0,0
457,False,1,1,1,1607159345,3305,14,0,25,0,3,3305,active,1607166000,1607166000,0,1
458,False,1,1,1,1607155408,3306,5,0,18,0,3,3306,active,1607166000,1607166000,0,0
459,False,1,1,1,1607145072,3307,31,0,0,0,9,3307,active,1607166000,1607166000,0,0
460,False,1,1,1,1607155408,3308,19,0,8,0,3,3308,active,1607166000,1607166000,0,0
461,False,1,1,1,1607154205,3309,9,1,20,0,4,3309,active,1607166000,1607166000,0,0
462,False,1,1,1,1607155408,3310,5,0,19,0,2,3310,active,1607166000,1607166000,0,0
463,False,1,1,1,1607162676,3311,20,0,1,0,1,3311,active,1607166000,1607166000,0,0
464,False,1,1,1,1607164306,3312,35,0,4,0,3,3312,active,1607166000,1607166000,0,0
465,False,1,1,1,1607155408,3313,5,0,24,0,1,3313,active,1607166000,1607166000,0,0
466,False,1,1,1,1607156260,3314,20,1,11,0,3,3314,active,1607166000,1607166000,0,0
467,False,1,1,1,1607157087,3315,21,1,1,0,3,3315,active,1607166000,1607166000,0,0
468,False,1,1,1,1607155408,3317,9,0,15,0,1,3317,active,1607166000,1607166000,0,0
469,False,1,1,1,1607155409,3318,34,0,5,0,5,3318,active,1607166000,1607166000,0,0
470,False,1,1,1,1607155409,3319,12,1,8,0,0,3319,active,1607166000,1607166000,0,0
471,False,1,1,1,1607154203,3321,17,1,7,0,1,3321,active,1607166000,1607166000,0,0
472,False,1,1,1,1607155409,3322,23,0,2,0,0,3322,active,1607166000,1607166000,0,0
473,True,1,1,1,1607160980,3323,18,3,38,0,7,3323,active,1607166000,1607166000,0,0
474,False,1,1,1,1607155408,3324,18,2,5,0,1,3324,active,1607166000,1607166000,0,0
475,False,1,1,1,1607154204,3325,9,0,22,0,1,3325,active,1607166000,1607166000,0,0
476,False,1,1,1,1607155409,3326,14,0,7,0,1,3326,active,1607166000,1607166000,0,0
477,False,1,1,1,1607154870,3327,7,0,20,0,4,3327,active,1607166000,1607166000,0,0
478,False,1,1,1,1607158573,3328,14,1,24,0,10,3328,active,1607166000,1607166000,0,1
479,False,1,1,1,1607157186,3329,23,1,3,0,0,3329,active,1607166000,1607166000,0,0
480,False,1,1,1,1607155408,3330,19,0,0,0,1,3330,active,1607166000,1607166000,0,0
481,True,1,1,1,1607154205,3331,3,1,35,0,1,3331,active,1607166000,1607166000,0,1
482,False,1,1,1,1607156617,3332,13,1,5,0,1,3332,active,1607166000,1607166000,0,0
483,False,1,1,1,1607155408,3333,21,0,0,0,1,3333,active,1607166000,1607166000,0,0
484,False,1,1,1,1607155408,3335,25,2,1,0,1,3335,active,1607166000,1607166000,0,0
485,False,1,1,1,1607154203,3336,1,0,40,0,1,3336,active,1607166000,1607166000,0,0
486,False,1,1,1,1607155409,3337,22,0,1,0,0,3337,active,1607166000,1607166000,0,0
487,False,1,1,1,86400,3338,0,0,0,0,0,3338,active,1607166000,1607166000,0,0
488,False,1,1,1,1607155408,3339,12,1,10,0,1,3339,active,1607166000,1607166000,0,0
489,False,1,1,1,1607155408,3340,21,0,0,0,2,3340,active,1607166000,1607166000,0,0
490,False,1,1,1,1607155409,3342,21,0,2,0,0,3342,active,1607166000,1607166000,0,0
491,False,1,1,1,1607164286,3343,10,0,13,0,7,3343,active,1607166000,1607166000,0,0
492,False,1,1,1,1607155409,3344,14,0,5,0,2,3344,active,1607166000,1607166000,0,0
493,False,1,1,1,1607164553,3345,6,0,29,0,0,3345,active,1607166000,1607166000,0,0
494,False,1,1,1,1607155409,3346,7,0,22,0,4,3346,active,1607166000,1607166000,0,0
495,False,1,1,1,1607157682,3347,17,3,1,0,1,3347,active,1607166000,1607166000,0,0
496,False,1,1,1,1607155409,3348,15,0,4,0,0,3348,active,1607166000,1607166000,0,0
497,False,1,1,1,1607155409,3349,5,0,25,0,3,3349,active,1607166000,1607166000,1,0
498,False,1,1,1,1607163897,3350,11,0,28,0,2,3350,active,1607166000,1607166000,1,0
499,False,1,1,1,1607154204,3351,13,4,8,0,7,3351,active,1607166000,1607166000,0,0
500,False,1,1,1,1607155409,3352,14,2,5,0,1,3352,active,1607166000,1607166000,0,0
501,True,1,1,1,1607156492,3354,1,2,28,0,1,3354,active,1607166000,1607166000,0,0
502,False,1,1,1,1607155409,3355,0,0,25,0,0,3355,active,1607166000,1607166000,0,0
503,False,1,1,1,1607155409,3356,6,0,15,0,1,3356,active,1607166000,1607166000,0,0
504,False,1,1,1,1607154335,3357,14,1,20,0,6,3357,active,1607166000,1607166000,0,0
505,False,1,1,1,1607155409,3358,4,1,20,0,0,3358,active,1607166000,1607166000,0,0
506,False,1,1,1,1607155409,3359,3,1,37,0,1,3359,active,1607166000,1607166000,0,0
507,False,1,1,1,1607155409,3361,15,0,8,0,0,3361,active,1607166000,1607166000,0,0
508,False,1,1,1,1607155409,3362,10,0,24,0,5,3362,active,1607166000,1607166000,0,0
509,False,1,1,1,1607157279,3363,19,1,13,0,0,3363,active,1607166000,1607166000,0,0
510,False,1,1,1,1607155409,3364,24,0,3,0,0,3364,active,1607166000,1607166000,0,0
511,False,1,1,1,1607155408,3365,2,2,23,0,0,3365,active,1607166000,1607166000,0,0
512,False,1,1,1,1607154204,3366,9,2,20,0,2,3366,active,1607166000,1607166000,0,0
513,True,1,1,1,1607164250,3367,9,1,29,0,0,3367,active,1607166000,1607166000,0,0
514,False,1,1,1,1607155409,3368,21,2,7,0,0,3368,active,1607166000,1607166000,0,0
515,False,1,1,1,1607155773,3369,12,0,17,0,2,3369,active,1607166000,1607166000,0,1
516,False,1,1,1,1607155409,3370,4,0,21,0,1,3370,active,1607166000,1607166000,0,1
517,False,1,1,1,1607160235,3372,23,0,16,0,1,3372,active,1607166000,1607166000,0,0
518,False,1,1,1,1607155408,3373,20,3,4,0,1,3373,active,1607166000,1607166000,0,0
519,False,1,1,1,1607161413,3374,24,1,11,0,4,3374,active,1607166000,1607166000,0,0
520,False,1,1,1,1607155409,3375,6,0,29,0,2,3375,active,1607166000,1607166000,0,0
521,False,1,1,1,1607155888,3376,10,0,29,0,2,3376,active,1607166000,1607166000,0,0
522,False,1,1,1,1607155408,3377,23,2,0,0,3,3377,active,1607166000,1607166000,0,0
523,False,1,1,1,1607154203,3378,1,1,26,0,0,3378,active,1607166000,1607166000,0,0
524,False,1,1,1,1607160747,3379,29,0,6,0,9,3379,active,1607166000,1607166000,0,0
525,False,1,1,1,1607155409,3381,14,1,6,0,2,3381,active,1607166000,1607166000,0,0
526,False,1,1,1,1607155409,3382,18,0,13,0,2,3382,active,1607166000,1607166000,0,0
527,False,1,1,1,1607165201,3383,3,2,20,0,3,3383,active,1607166000,1607166000,0,0
528,False,1,1,1,1607155409,3384,3,3,19,0,0,3384,active,1607166000,1607166000,0,0
529,False,1,1,1,1607155408,3386,4,0,23,0,1,3386,active,1607166000,1607166000,0,0
530,False,1,1,1,1607163296,3387,23,1,1,0,1,3387,active,1607166000,1607166000,0,0
531,False,1,1,1,1607156617,3388,19,0,6,0,1,3388,active,1607166000,1607166000,0,0
532,False,1,1,1,1607155409,3389,22,0,6,0,4,3389,active,1607166000,1607166000,0,0
533,False,1,1,1,1607154205,3390,24,0,0,0,6,3390,active,1607166000,1607166000,0,0
534,False,1,1,1,1607154204,3391,21,0,4,0,5,3391,active,1607166000,1607166000,0,1
535,False,1,1,1,1607155408,3392,15,1,3,0,0,3392,active,1607166000,1607166000,0,0
536,False,1,1,1,1607155409,3393,17,0,2,0,1,3393,active,1607166000,1607166000,0,0
537,False,1,1,1,1607155409,3394,21,0,0,0,0,3394,active,1607166000,1607166000,0,0
538,False,1,1,1,1607155409,3395,19,0,0,0,0,3395,active,1607166000,1607166000,0,0
539,False,1,1,1,1607157037,3396,12,0,13,0,4,3396,active,1607166000,1607166000,0,0
540,False,1,1,1,1607155409,3397,24,1,0,0,0,3397,active,1607166000,1607166000,0,0
541,False,1,1,1,1607155408,3398,21,1,1,0,0,3398,active,1607166000,1607166000,0,0
542,False,1,1,1,1607155409,3399,21,0,3,0,0,3399,active,1607166000,1607166000,0,0
543,True,1,1,1,1607154204,3400,22,0,2,0,4,3400,active,1607166000,1607166000,0,0
544,False,1,1,1,1607155409,3402,20,1,11,0,0,3402,active,1607166000,1607166000,0,0
545,False,1,1,1,1607155408,3403,29,2,0,0,1,3403,active,1607166000,1607166000,0,0
546,False,1,1,1,1607155408,3404,24,1,2,0,1,3404,active,1607166000,1607166000,0,0
547,False,1,1,1,1607155409,3405,15,1,7,0,2,3405,active,1607166000,1607166000,0,0
548,False,1,1,1,1607155409,3407,23,0,0,0,1,3407,active,1607166000,1607166000,0,0
549,False,1,1,1,1607154205,3408,24,1,2,0,0,3408,active,1607166000,1607166000,0,0
550,False,1,1,1,1607162918,3409,36,2,10,0,1,3409,active,1607166000,1607166000,0,0
551,False,1,1,1,1607142699,3410,75,1,1,0,0,3410,active,1607166000,1607166000,0,0
552,False,1,1,1,1607154205,3411,18,0,9,0,1,3411,active,1607166000,1607166000,0,0
553,False,1,1,1,1607155408,3412,17,0,1,0,0,3412,active,1607166000,1607166000,0,0
554,False,1,1,1,1607155409,3414,4,1,28,0,2,3414,active,1607166000,1607166000,0,0
555,False,1,1,1,1607156585,3415,5,0,20,0,2,3415,active,1607166000,1607166000,0,0
556,False,1,1,1,1607156617,3416,3,0,21,1,0,3416,active,1607166000,1607166000,0,0
557,False,1,1,1,1607154203,3417,11,3,13,0,1,3417,active,1607166000,1607166000,0,0
558,False,1,1,1,1607155408,3418,5,0,28,0,3,3418,active,1607166000,1607166000,0,0
559,False,1,1,1,1607151790,3419,27,0,0,0,0,3419,active,1607166000,1607166000,0,0
560,False,1,1,1,1607154204,3420,16,1,4,0,0,3420,active,1607166000,1607166000,0,0
561,False,1,1,1,1607150990,3421,20,0,3,0,3,3421,active,1607166000,1607166000,0,0
562,False,1,1,1,1607154205,3422,16,0,5,0,0,3422,active,1607166000,1607166000,0,0
563,True,1,1,1,1607155409,3423,20,4,5,0,6,3423,active,1607166000,1607166000,0,1
564,False,1,1,1,1607155409,3424,26,0,1,0,1,3424,active,1607166000,1607166000,0,0
565,False,1,1,1,1607154205,3425,28,1,4,0,2,3425,active,1607166000,1607166000,0,0
566,False,1,1,1,1607149379,3429,32,0,7,0,2,3429,active,1607166000,1607166000,0,0
567,False,1,1,1,1607152996,3430,4,0,21,0,2,3430,active,1607166000,1607166000,0,0
568,False,1,1,1,1607158159,3435,34,5,6,0,9,3435,active,1607166000,1607166000,0,0
569,False,1,1,1,1607160234,3436,21,0,14,0,0,3436,active,1607166000,1607166000,0,0
570,False,1,1,1,1607154203,3437,14,0,25,0,9,3437,active,1607166000,1607166000,0,0
571,False,1,1,1,1607156614,3440,10,1,36,0,0,3440,active,1607166000,1607166000,0,0
572,False,1,1,1,1607154843,3443,11,0,29,0,0,3443,active,1607166000,1607166000,0,0
573,False,1,1,1,1607157796,3452,23,0,20,0,0,3452,active,1607166000,1607166000,0,0
574,False,1,1,1,1607153705,3453,3,1,15,0,1,3453,active,1607166000,1607166000,0,0
575,False,1,1,1,1607152996,3454,5,1,18,0,4,3454,active,1607166000,1607166000,0,0
576,False,1,1,1,1607151792,3456,8,0,14,0,0,3456,active,1607166000,1607166000,0,0
577,False,1,1,1,1607152998,3457,20,0,26,0,4,3457,active,1607166000,1607166000,0,0
578,False,1,1,1,1607161438,3459,10,0,31,0,1,3459,active,1607166000,1607166000,0,0
579,False,1,1,1,1607152719,3461,20,3,10,0,1,3461,active,1607166000,1607166000,0,0
580,False,1,1,1,1607160236,3462,7,0,32,0,1,3462,active,1607166000,1607166000,0,0
581,False,1,1,1,1607151952,3463,32,1,4,0,1,3463,active,1607166000,1607166000,0,0
582,False,1,1,1,1607151791,3467,28,1,15,0,2,3467,active,1607166000,1607166000,0,0
583,False,1,1,1,1607154203,3469,19,0,4,0,2,3469,active,1607166000,1607166000,0,0
584,False,1,1,1,1607154204,3472,25,0,14,0,1,3472,active,1607166000,1607166000,0,0
585,False,1,1,1,1607152998,3477,32,0,1,0,4,3477,active,1607166000,1607166000,0,0
586,False,1,1,1,1607155409,3478,40,0,3,0,9,3478,active,1607166000,1607166000,0,0
587,False,1,1,1,1607155409,3481,18,1,3,0,0,3481,active,1607166000,1607166000,0,0
588,False,1,1,1,1607154203,3483,14,0,0,0,0,3483,active,1607166000,1607166000,0,0
589,False,1,1,1,1607149378,3486,27,1,2,0,6,3486,active,1607166000,1607166000,0,1
590,False,1,1,1,1607155409,3490,18,0,13,0,0,3490,active,1607166000,1607166000,0,0
591,False,1,1,1,1607165026,3491,16,1,7,0,8,3491,active,1607166000,1607166000,0,0
592,False,1,1,1,1607156616,3492,24,0,3,0,0,3492,active,1607166000,1607166000,0,0
593,False,1,0,0,1607156615,3493,28,1,2,0,3,3493,active,1607166000,1607166000,0,0
594,False,1,1,1,1607164230,3494,15,0,10,0,5,3494,active,1607166000,1607166000,0,0
595,False,1,1,1,1607155409,3495,17,0,9,0,2,3495,active,1607166000,1607166000,0,1
596,False,1,1,1,1607155409,3496,22,0,3,0,6,3496,active,1607166000,1607166000,0,0
597,False,1,1,1,1607165106,3497,11,1,11,0,2,3497,active,1607166000,1607166000,0,1
598,False,1,1,1,1607156617,3498,11,0,10,0,0,3498,active,1607166000,1607166000,0,0
599,False,1,1,1,1607155409,3499,14,6,5,0,3,3499,active,1607166000,1607166000,0,0
600,False,1,1,1,1607155409,3500,30,1,0,0,3,3500,active,1607166000,1607166000,0,0
601,False,1,1,1,1607155471,3501,21,0,8,0,2,3501,active,1607166000,1607166000,0,0
602,False,1,1,1,1607155409,3502,28,1,0,0,7,3502,active,1607166000,1607166000,0,0
603,False,1,1,1,1607156616,3503,29,0,1,0,0,3503,active,1607166000,1607166000,0,0
604,True,1,1,1,1607135331,3504,27,0,0,0,6,3504,active,1607166000,1607166000,0,0
605,False,1,1,1,1607158331,3505,29,0,4,0,4,3505,active,1607166000,1607166000,0,0
606,False,1,1,1,1607156616,3506,21,0,8,0,1,3506,active,1607166000,1607166000,0,0
607,False,1,1,1,1607156615,3507,34,0,2,0,2,3507,active,1607166000,1607166000,0,0
608,False,1,1,1,1607159965,3508,31,0,0,0,5,3508,active,1607166000,1607166000,0,1
609,False,1,1,1,1607155460,3509,22,0,9,0,2,3509,active,1607166000,1607166000,1,0
610,False,1,1,1,1607159996,3510,28,1,2,0,2,3510,active,1607166000,1607166000,0,0
611,False,1,1,1,1607161294,3511,14,1,7,0,3,3511,active,1607166000,1607166000,0,0
612,False,1,1,1,1607156616,3513,1,0,20,0,1,3513,active,1607166000,1607166000,0,0
613,False,1,1,1,1607156616,3514,4,0,19,0,1,3514,active,1607166000,1607166000,0,0
614,False,1,1,1,1607156617,3515,3,1,15,0,0,3515,active,1607166000,1607166000,0,0
615,False,1,1,1,1607162280,3516,4,1,26,0,1,3516,active,1607166000,1607166000,0,1
616,False,1,1,1,1607156616,3517,3,0,32,0,1,3517,active,1607166000,1607166000,0,0
617,True,1,1,1,1607156615,3518,30,0,4,0,0,3518,active,1607166000,1607166000,0,0
618,False,1,1,1,1607156616,3520,18,0,9,0,4,3520,active,1607166000,1607166000,0,0
619,False,1,1,1,1607156615,3521,21,1,14,0,0,3521,active,1607166000,1607166000,0,0
620,False,1,1,1,1607156615,3522,8,0,11,0,6,3522,active,1607166000,1607166000,0,0
621,False,1,1,1,1607156615,3523,3,0,22,0,1,3523,active,1607166000,1607166000,0,0
622,False,1,1,1,1607156616,3524,5,0,18,0,2,3524,active,1607166000,1607166000,0,0
623,False,1,1,1,1607156616,3525,3,0,18,0,0,3525,active,1607166000,1607166000,0,0
624,False,1,1,1,1607156615,3526,6,1,20,0,1,3526,active,1607166000,1607166000,0,0
625,False,1,1,1,1607156616,3527,14,1,12,0,3,3527,active,1607166000,1607166000,0,0
626,False,1,1,1,1607156615,3528,11,1,9,0,1,3528,active,1607166000,1607166000,0,0
627,False,1,1,1,1607156616,3529,9,0,16,0,2,3529,active,1607166000,1607166000,0,0
628,False,1,1,1,1607156617,3530,4,0,15,0,0,3530,active,1607166000,1607166000,0,0
629,False,1,1,1,1607156616,3531,6,0,21,0,1,3531,active,1607166000,1607166000,0,0
630,False,1,1,1,1607156616,3532,3,1,23,0,1,3532,active,1607166000,1607166000,0,0
631,False,1,1,1,1607156615,3533,23,3,8,0,4,3533,active,1607166000,1607166000,0,0
632,False,1,1,1,1607164530,3534,23,1,15,0,1,3534,active,1607166000,1607166000,0,0
633,False,1,1,1,1607156615,3535,19,0,8,0,0,3535,active,1607166000,1607166000,0,1
634,False,1,1,1,1607155409,3536,2,0,41,0,2,3536,active,1607166000,1607166000,0,0
635,False,1,1,1,1607156617,3537,7,0,22,0,1,3537,active,1607166000,1607166000,0,0
636,False,1,1,1,1607156616,3538,8,3,34,0,3,3538,active,1607166000,1607166000,0,0
637,False,1,1,1,1607156616,3539,2,1,40,0,0,3539,active,1607166000,1607166000,0,0
638,False,1,1,1,1607156615,3540,31,1,3,0,1,3540,active,1607166000,1607166000,0,0
639,False,1,1,1,1607156615,3541,14,0,25,0,0,3541,active,1607166000,1607166000,0,0
640,False,1,1,1,1607156615,3542,0,1,28,0,0,3542,active,1607166000,1607166000,0,0
641,False,1,1,1,1607157822,3543,1,0,34,0,1,3543,active,1607166000,1607166000,0,0
642,False,1,1,1,1607156617,3544,5,0,22,0,1,3544,active,1607166000,1607166000,0,0
643,False,1,1,1,1607156616,3545,1,0,32,0,1,3545,active,1607166000,1607166000,0,0
644,False,1,1,1,1607163895,3546,2,1,18,0,2,3546,active,1607166000,1607166000,0,0
645,False,1,1,1,1607156615,3547,15,0,26,0,2,3547,active,1607166000,1607166000,0,0
646,False,1,1,1,1607156617,3549,1,3,21,0,1,3549,active,1607166000,1607166000,0,0
647,False,1,1,1,1607157590,3551,21,0,2,0,0,3551,active,1607166000,1607166000,0,0
648,False,1,1,1,1607155409,3552,3,0,36,0,3,3552,active,1607166000,1607166000,0,0
649,False,1,1,1,1607155409,3553,21,1,15,0,4,3553,active,1607166000,1607166000,0,0
650,False,1,1,1,1607154202,3554,16,0,11,0,4,3554,active,1607166000,1607166000,0,0
651,False,1,1,1,1607162279,3555,14,0,13,0,3,3555,active,1607166000,1607166000,0,0
652,False,1,1,1,1607156617,3557,4,0,15,0,4,3557,active,1607166000,1607166000,0,0
653,False,1,1,1,1607156615,3558,3,0,24,0,2,3558,active,1607166000,1607166000,0,0
654,False,1,1,1,1607156617,3559,7,0,12,0,0,3559,active,1607166000,1607166000,0,0
655,False,1,1,1,1607156615,3561,25,0,1,0,2,3561,active,1607166000,1607166000,0,0
656,False,1,1,1,1607156616,3562,3,0,24,0,2,3562,active,1607166000,1607166000,0,0
657,False,1,1,1,1607156615,3563,8,0,21,0,1,3563,active,1607166000,1607166000,0,0
658,False,1,1,1,1607156616,3564,9,0,10,0,3,3564,active,1607166000,1607166000,0,0
659,False,1,1,1,1607156616,3565,10,2,7,0,3,3565,active,1607166000,1607166000,0,0
660,False,1,1,1,1607160251,3566,3,1,21,0,1,3566,active,1607166000,1607166000,0,0
661,False,1,1,1,1607156615,3567,7,0,12,0,0,3567,active,1607166000,1607166000,0,0
662,False,1,1,1,1607156615,3568,6,0,15,0,3,3568,active,1607166000,1607166000,0,0
663,False,1,1,1,1607156616,3569,0,0,29,0,0,3569,active,1607166000,1607166000,0,0
664,False,1,1,1,1607156615,3570,10,0,21,0,2,3570,active,1607166000,1607166000,1,0
665,False,1,1,1,1607157821,3571,12,0,12,0,9,3571,active,1607166000,1607166000,0,0
666,False,1,1,1,1607156616,3572,1,0,32,0,0,3572,active,1607166000,1607166000,0,0
667,False,1,1,1,1607156615,3573,11,0,14,0,3,3573,active,1607166000,1607166000,0,0
668,False,1,1,1,1607157620,3574,1,0,22,0,0,3574,active,1607166000,1607166000,0,0
669,False,1,1,1,1607156617,3575,7,0,12,0,3,3575,active,1607166000,1607166000,0,1
670,False,1,1,1,1607165811,3576,3,1,23,0,1,3576,active,1607166000,1607166000,0,0
671,False,1,1,1,1607156616,3577,5,0,18,0,2,3577,active,1607166000,1607166000,0,0
672,False,1,1,1,1607156616,3578,0,1,20,0,0,3578,active,1607166000,1607166000,0,0
673,False,1,1,1,1607156617,3579,6,0,19,0,4,3579,active,1607166000,1607166000,1,0
674,False,1,1,1,1607155155,3580,2,0,28,0,0,3580,active,1607166000,1607166000,0,0
675,False,1,1,1,1607156616,3581,6,3,18,0,5,3581,active,1607166000,1607166000,0,0
676,False,1,1,1,1607155409,3582,2,0,26,0,1,3582,active,1607166000,1607166000,0,0
677,False,1,1,1,1607156618,3583,0,0,31,0,0,3583,active,1607166000,1607166000,0,0
678,False,1,1,1,1607156615,3584,2,0,40,0,1,3584,active,1607166000,1607166000,0,0
679,False,1,1,1,1607156616,3585,5,0,19,0,4,3585,active,1607166000,1607166000,0,0
680,False,1,1,1,1607156615,3586,4,0,15,0,0,3586,active,1607166000,1607166000,0,0
681,False,1,1,1,1607156617,3587,2,0,25,0,1,3587,active,1607166000,1607166000,0,0
682,False,1,1,1,1607156616,3588,2,2,17,0,0,3588,active,1607166000,1607166000,0,0
683,False,1,1,1,1607156617,3589,5,0,14,0,1,3589,active,1607166000,1607166000,0,0
684,False,1,1,1,1607160457,3590,0,1,18,0,0,3590,active,1607166000,1607166000,1,0
685,False,1,1,1,1607156616,3591,9,1,11,0,1,3591,active,1607166000,1607166000,0,0
686,False,1,1,1,1607156615,3592,6,1,12,0,2,3592,active,1607166000,1607166000,0,0
687,False,1,1,1,1607156616,3593,3,1,31,0,2,3593,active,1607166000,1607166000,0,0
688,False,1,1,1,1607150586,3595,4,0,14,0,1,3595,active,1607166000,1607166000,0,0
689,False,1,1,1,1607154205,3596,9,0,10,0,3,3596,active,1607166000,1607166000,0,0
690,False,1,1,1,1607164465,3597,4,0,21,0,1,3597,active,1607166000,1607166000,0,0
691,False,1,1,1,1607156616,3598,4,1,14,0,0,3598,active,1607166000,1607166000,0,0
692,False,1,1,1,1607165835,3600,2,0,24,1,1,3600,active,1607166000,1607166000,0,0
693,False,1,1,1,1607158398,3601,18,0,1,0,3,3601,active,1607166000,1607166000,0,1
694,False,1,1,1,1607156616,3602,12,0,11,0,2,3602,active,1607166000,1607166000,0,0
695,False,1,1,1,1607156616,3603,1,1,19,0,0,3603,active,1607166000,1607166000,0,0
696,False,1,1,1,1607158698,3604,13,2,2,0,7,3604,active,1607166000,1607166000,0,0
697,False,1,1,1,1607157821,3605,3,0,18,0,1,3605,active,1607166000,1607166000,0,0
698,False,1,1,1,1607156616,3606,10,0,11,0,1,3606,active,1607166000,1607166000,0,0
699,False,1,1,1,1607155409,3607,12,0,7,0,2,3607,active,1607166000,1607166000,0,0
700,False,1,1,1,1607157822,3608,2,0,19,0,0,3608,active,1607166000,1607166000,0,0
701,False,1,1,1,1607156616,3609,18,0,5,0,2,3609,active,1607166000,1607166000,0,0
702,False,1,1,1,1607152997,3610,21,0,6,0,2,3610,active,1607166000,1607166000,0,0
703,False,1,1,1,1607156618,3611,6,1,24,0,0,3611,active,1607166000,1607166000,0,0
704,False,1,1,1,1607150753,3612,5,0,10,0,0,3612,active,1607166000,1607166000,0,0
705,False,1,1,1,1607156617,3613,2,0,25,0,1,3613,active,1607166000,1607166000,0,0
706,False,1,1,1,1607164083,3614,0,0,23,0,0,3614,active,1607166000,1607166000,0,0
707,False,1,1,1,1607156616,3615,11,0,10,0,0,3615,active,1607166000,1607166000,0,0
708,False,1,1,1,1607156615,3616,11,0,14,0,4,3616,active,1607166000,1607166000,0,0
709,False,1,1,1,1607156617,3617,3,3,21,0,0,3617,active,1607166000,1607166000,0,0
710,False,1,1,1,1607159028,3618,27,2,4,0,3,3618,active,1607166000,1607166000,0,0
711,False,1,1,1,1607163141,3619,6,1,12,0,3,3619,active,1607166000,1607166000,0,0
712,False,1,1,1,1607156616,3620,10,0,18,0,0,3620,active,1607166000,1607166000,0,0
713,False,1,1,1,1607156615,3621,3,0,16,0,2,3621,active,1607166000,1607166000,0,0
714,False,1,1,1,1607156617,3622,5,2,16,0,2,3622,active,1607166000,1607166000,0,0
715,False,1,1,1,1607156618,3623,0,1,38,0,0,3623,active,1607166000,1607166000,0,0
716,False,1,0,0,1607157821,3628,19,1,11,0,3,3628,active,1607166000,1607166000,1,0
717,False,1,1,1,1607157823,3629,28,3,2,0,2,3629,active,1607166000,1607166000,0,0
718,False,1,1,1,1607155229,3630,8,0,25,0,1,3630,active,1607166000,1607166000,0,0
719,False,1,1,1,1607161438,3635,17,1,25,0,1,3635,active,1607166000,1607166000,1,0
720,False,1,1,1,1607159375,3637,2,0,29,0,0,3637,active,1607166000,1607166000,0,0
721,False,1,1,1,1607156091,3638,18,0,0,0,0,3638,active,1607166000,1607166000,0,0
722,False,1,1,1,1607154202,3639,26,0,4,0,0,3639,active,1607166000,1607166000,0,0
723,False,1,1,1,1607152999,3640,0,0,18,0,0,3640,active,1607166000,1607166000,0,0
724,False,1,1,1,1607151791,3641,22,3,29,0,2,3641,active,1607166000,1607166000,0,0
725,False,1,0,0,1607142742,3646,5,2,11,8,2,3646,active,1607166000,1607166000,0,0
726,False,1,1,1,1607156617,3647,16,0,7,0,4,3647,active,1607166000,1607166000,0,0
727,False,1,1,1,1607165939,3648,15,1,9,0,1,3648,active,1607166000,1607166000,0,0
728,False,1,1,1,1607156617,3649,5,0,25,0,2,3649,active,1607166000,1607166000,0,0
729,False,1,1,1,1607156616,3654,28,2,5,0,2,3654,active,1607166000,1607166000,1,0
730,False,1,1,1,1607157823,3656,38,1,7,0,8,3656,active,1607166000,1607166000,0,1
731,False,1,1,1,1607150740,3658,18,1,8,0,4,3658,active,1607166000,1607166000,0,1
732,False,1,1,1,1607156617,3661,2,0,17,0,0,3661,active,1607166000,1607166000,0,0
733,False,1,1,1,1607157822,3664,10,0,20,0,0,3664,active,1607166000,1607166000,0,0
734,False,1,1,1,1607149378,3668,21,1,4,0,2,3668,active,1607166000,1607166000,0,0
735,False,1,1,1,1607157941,3671,8,1,28,0,4,3671,active,1607166000,1607166000,0,0
736,False,1,1,1,1607157821,3673,2,2,17,0,2,3673,active,1607166000,1607166000,0,0
737,False,1,1,1,1607157825,3674,17,1,9,0,0,3674,active,1607166000,1607166000,0,0
738,False,1,1,1,1607155408,3676,14,1,9,0,0,3676,active,1607166000,1607166000,0,0
739,False,1,1,1,1607152999,3677,1,0,17,0,0,3677,active,1607166000,1607166000,0,0
740,False,1,1,1,1607152998,3678,2,0,16,0,0,3678,active,1607166000,1607166000,0,1
741,False,1,1,1,1607154204,3679,10,1,3,0,0,3679,active,1607166000,1607166000,0,0
742,False,1,1,1,1607164432,3680,17,1,37,0,2,3680,active,1607166000,1607166000,0,0
743,False,1,1,1,1607152997,3681,7,0,11,0,0,3681,active,1607166000,1607166000,0,0
744,False,1,1,1,1607154289,3686,16,0,23,0,0,3686,active,1607166000,1607166000,0,0
745,False,1,1,1,1607164411,3687,35,2,46,0,2,3687,active,1607166000,1607166000,0,0
746,False,1,1,1,1607154205,3689,7,1,39,0,2,3689,active,1607166000,1607166000,0,0
747,False,1,1,1,1607157821,3690,7,1,28,0,0,3690,active,1607166000,1607166000,0,1
748,False,1,1,1,1607151792,3691,3,1,15,0,2,3691,active,1607166000,1607166000,0,0
749,False,1,1,1,1607152998,3693,15,1,11,0,1,3693,active,1607166000,1607166000,0,0
750,False,1,1,1,1607156061,3694,9,0,9,0,0,3694,active,1607166000,1607166000,0,0
751,False,1,1,1,1607165686,3697,17,0,26,0,6,3697,active,1607166000,1607166000,0,0
752,False,1,1,1,1607151793,3699,10,0,20,0,2,3699,active,1607166000,1607166000,0,0
753,False,1,1,1,1607152997,3704,2,0,17,0,2,3704,active,1607166000,1607166000,0,0
754,False,1,1,1,1607165049,3707,18,1,36,0,0,3707,active,1607166000,1607166000,0,0
755,False,1,1,1,1607151497,3708,22,0,7,0,1,3708,active,1607166000,1607166000,0,0
756,False,1,1,1,1607156129,3709,28,2,21,0,2,3709,active,1607166000,1607166000,0,0
757,False,1,1,1,1607157782,3711,36,2,9,0,10,3711,active,1607166000,1607166000,0,0
758,False,1,1,1,1607157822,3712,7,0,34,0,1,3712,active,1607166000,1607166000,0,0
759,False,1,1,1,1607151791,3714,9,3,49,0,1,3714,active,1607166000,1607166000,0,0
760,False,1,1,1,1607155409,3715,18,0,13,0,0,3715,active,1607166000,1607166000,0,0
761,False,1,1,1,1607156617,3716,3,1,19,0,2,3716,active,1607166000,1607166000,0,0
762,False,1,1,1,1607155409,3718,27,0,19,0,2,3718,active,1607166000,1607166000,0,1
763,False,1,1,1,1607159314,3721,4,2,29,0,1,3721,active,1607166000,1607166000,0,0
764,True,1,1,1,1607149379,3723,1,0,29,0,0,3723,active,1607166000,1607166000,0,0
765,False,1,1,1,1607159800,3724,22,0,17,0,1,3724,active,1607166000,1607166000,0,0
766,False,1,1,1,1607158803,3725,22,3,16,0,0,3725,active,1607166000,1607166000,1,0
767,False,1,1,1,1607151791,3726,4,0,19,0,3,3726,active,1607166000,1607166000,0,0
768,False,1,1,1,1607152997,3727,15,0,23,0,0,3727,active,1607166000,1607166000,0,0
769,False,1,1,1,1607154682,3728,3,0,21,0,0,3728,active,1607166000,1607166000,0,0
770,False,1,1,1,1607159028,3731,10,0,36,0,0,3731,active,1607166000,1607166000,0,0
771,False,1,1,1,1607165875,3733,13,0,33,0,4,3733,active,1607166000,1607166000,0,0
772,False,1,1,1,1607157822,3734,2,1,47,0,0,3734,active,1607166000,1607166000,0,0
773,False,1,1,1,1607164510,3735,38,0,0,0,7,3735,active,1607166000,1607166000,0,1
774,False,0,0,0,1601471240,3736,0,0,3,0,0,3736,out_of_service,1607166000,1607166000,0,0
775,False,1,1,1,1607157821,3737,19,1,15,0,0,3737,active,1607166000,1607166000,0,0
776,False,1,1,1,1607159220,3738,21,1,9,0,3,3738,active,1607166000,1607166000,0,0
777,False,1,1,1,1607159033,3739,32,0,5,0,4,3739,active,1607166000,1607166000,0,0
778,False,1,1,1,1607159029,3740,26,0,8,0,0,3740,active,1607166000,1607166000,0,0
779,False,1,1,1,1607159028,3744,23,0,28,0,4,3744,active,1607166000,1607166000,0,0
780,False,1,1,1,1607157822,3745,9,1,17,0,2,3745,active,1607166000,1607166000,0,1
781,False,1,1,1,1607159565,3746,36,1,11,0,0,3746,active,1607166000,1607166000,0,0
782,False,1,1,1,1607157822,3749,5,0,18,0,0,3749,active,1607166000,1607166000,0,1
783,False,1,1,1,1607156902,3755,1,0,18,0,1,3755,active,1607166000,1607166000,0,0
784,False,1,1,1,1607157821,3756,0,0,21,0,0,3756,active,1607166000,1607166000,0,0
785,False,1,1,1,1607157821,3757,22,0,1,0,0,3757,active,1607166000,1607166000,0,0
786,False,1,1,1,1607157822,3758,2,1,16,0,0,3758,active,1607166000,1607166000,0,0
787,False,1,1,1,1607157822,3759,14,1,4,0,2,3759,active,1607166000,1607166000,0,0
788,False,1,1,1,1607157822,3760,16,1,6,0,1,3760,active,1607166000,1607166000,0,0
789,False,1,1,1,1607157821,3761,1,0,26,0,1,3761,active,1607166000,1607166000,0,0
790,False,1,1,1,1607158374,3762,26,0,1,0,0,3762,active,1607166000,1607166000,0,0
791,False,1,1,1,1607157822,3763,21,0,6,0,3,3763,active,1607166000,1607166000,0,0
792,False,1,1,1,1607160562,3764,20,0,1,0,3,3764,active,1607166000,1607166000,0,0
793,False,1,1,1,1607157822,3765,3,0,18,0,2,3765,active,1607166000,1607166000,0,0
794,False,1,1,1,1607157822,3766,3,0,21,0,0,3766,active,1607166000,1607166000,0,0
795,False,1,1,1,1607157822,3767,3,0,16,0,0,3767,active,1607166000,1607166000,0,0
796,False,1,1,1,1607162863,3768,10,0,13,0,1,3768,active,1607166000,1607166000,0,0
797,False,1,1,1,1607157822,3769,16,0,7,0,1,3769,active,1607166000,1607166000,0,0
798,False,1,1,1,1607157822,3770,3,1,17,0,0,3770,active,1607166000,1607166000,0,0
799,False,1,1,1,1607157822,3771,14,0,16,0,0,3771,active,1607166000,1607166000,0,0
800,False,1,1,1,1607157823,3772,6,0,13,0,1,3772,active,1607166000,1607166000,0,0
801,False,1,1,1,1607159030,3773,1,2,17,0,0,3773,active,1607166000,1607166000,0,0
802,False,1,1,1,1607157822,3774,10,1,12,0,1,3774,active,1607166000,1607166000,0,0
803,False,1,1,1,1607157822,3775,13,0,14,0,1,3775,active,1607166000,1607166000,0,0
804,False,1,1,1,1607161639,3776,0,0,23,0,0,3776,active,1607166000,1607166000,0,0
805,False,1,1,1,1607157822,3777,9,0,14,0,1,3777,active,1607166000,1607166000,0,0
806,False,1,1,1,1607157822,3778,15,2,10,0,1,3778,active,1607166000,1607166000,0,0
807,False,1,1,1,1607157823,3779,8,0,16,0,0,3779,active,1607166000,1607166000,0,0
808,False,1,1,1,1607157823,3780,11,0,11,0,3,3780,active,1607166000,1607166000,0,0
809,False,1,1,1,1607157823,3781,15,0,15,0,0,3781,active,1607166000,1607166000,0,0
810,False,1,1,1,1607157823,3782,24,1,6,0,1,3782,active,1607166000,1607166000,0,0
811,False,1,1,1,1607151314,3783,35,1,29,0,1,3783,active,1607166000,1607166000,0,0
812,False,1,1,1,1607159736,3785,4,0,33,0,1,3785,active,1607166000,1607166000,0,1
813,False,1,1,1,1607152078,3786,37,1,11,0,5,3786,active,1607166000,1607166000,0,0
814,False,1,1,1,1607157822,3787,4,0,18,0,0,3787,active,1607166000,1607166000,0,0
815,False,1,1,1,1607161439,3789,3,1,27,0,0,3789,active,1607166000,1607166000,0,0
816,False,1,1,1,1607149380,3790,5,1,31,0,0,3790,active,1607166000,1607166000,0,0
817,False,1,1,1,1607154204,3791,4,0,28,0,0,3791,active,1607166000,1607166000,0,0
818,False,1,1,1,1607154204,3792,16,0,14,0,0,3792,active,1607166000,1607166000,0,0
819,False,1,1,1,1607155409,3795,16,1,2,0,2,3795,active,1607166000,1607166000,0,0
820,False,1,1,1,1607159743,3798,29,3,23,0,0,3798,active,1607166000,1607166000,0,0
821,False,1,1,1,1607163514,3799,21,1,45,0,0,3799,active,1607166000,1607166000,0,0
822,False,1,1,1,1607157822,3803,9,2,16,0,2,3803,active,1607166000,1607166000,0,0
823,False,1,1,1,1607149379,3804,10,1,13,0,0,3804,active,1607166000,1607166000,0,0
824,False,1,1,1,1607162111,3808,2,1,16,0,2,3808,active,1607166000,1607166000,0,0
825,False,1,1,1,1607164720,3809,10,1,42,0,0,3809,active,1607166000,1607166000,0,0
826,False,1,1,1,1607156616,3811,16,0,3,0,0,3811,active,1607166000,1607166000,0,0
827,False,1,1,1,1607157358,3812,18,5,26,0,0,3812,active,1607166000,1607166000,0,0
828,True,1,1,1,1607153000,3813,31,0,18,0,2,3813,active,1607166000,1607166000,0,0
829,False,1,1,1,1607152781,3814,9,3,11,0,0,3814,active,1607166000,1607166000,0,0
830,False,1,1,1,1607159050,3815,5,1,35,0,1,3815,active,1607166000,1607166000,0,0
831,False,1,1,1,1607157822,3816,7,0,17,0,0,3816,active,1607166000,1607166000,0,0
832,False,1,1,1,1607157822,3817,2,0,16,0,0,3817,active,1607166000,1607166000,0,0
833,False,1,1,1,1607157823,3818,22,1,17,0,1,3818,active,1607166000,1607166000,0,0
834,False,1,1,1,1607157823,3819,18,0,2,0,1,3819,active,1607166000,1607166000,0,0
835,False,1,1,1,1607157822,3820,7,0,12,0,3,3820,active,1607166000,1607166000,0,0
836,False,1,1,1,1607157822,3821,1,0,24,0,1,3821,active,1607166000,1607166000,0,0
837,False,1,1,1,1607157823,3822,3,1,16,0,1,3822,active,1607166000,1607166000,0,0
838,False,1,1,1,1607162912,3823,10,1,19,0,2,3823,active,1607166000,1607166000,0,0
839,False,1,1,1,1607159029,3824,5,0,18,0,2,3824,active,1607166000,1607166000,0,0
840,False,1,1,1,1607159029,3825,5,0,24,0,4,3825,active,1607166000,1607166000,0,0
841,False,1,1,1,1607157823,3826,2,0,16,0,1,3826,active,1607166000,1607166000,0,0
842,False,1,1,1,1607159273,3827,8,0,12,0,3,3827,active,1607166000,1607166000,0,0
843,False,1,1,1,1607157823,3828,2,0,20,0,0,3828,active,1607166000,1607166000,0,0
844,False,1,1,1,1607157823,3829,3,0,21,0,0,3829,active,1607166000,1607166000,0,0
845,False,1,1,1,1607157823,3830,7,0,15,0,4,3830,active,1607166000,1607166000,0,0
846,False,1,1,1,1607159028,3831,0,0,35,0,0,3831,active,1607166000,1607166000,0,0
847,False,1,1,1,1607159028,3832,10,0,11,0,2,3832,active,1607166000,1607166000,0,0
848,False,1,1,1,1607160193,3833,4,0,14,0,3,3833,active,1607166000,1607166000,0,0
849,False,1,1,1,1607157823,3834,0,2,17,0,0,3834,active,1607166000,1607166000,0,0
850,False,1,1,1,1607159028,3835,2,0,20,0,0,3835,active,1607166000,1607166000,0,0
851,False,1,1,1,1607157823,3836,2,1,26,0,1,3836,active,1607166000,1607166000,0,0
852,False,1,1,1,1607157823,3837,5,0,24,0,2,3837,active,1607166000,1607166000,0,0
853,False,1,1,1,1607157823,3838,2,0,23,0,1,3838,active,1607166000,1607166000,0,0
854,False,1,1,1,1607157823,3839,12,0,17,0,1,3839,active,1607166000,1607166000,0,0
855,False,1,1,1,1607157823,3840,4,0,20,0,2,3840,active,1607166000,1607166000,0,0
856,False,1,1,1,1607157823,3841,22,0,3,0,2,3841,active,1607166000,1607166000,0,0
857,False,1,1,1,1607165147,3842,3,0,26,0,2,3842,active,1607166000,1607166000,0,0
858,False,1,1,1,1607157824,3843,3,0,20,0,0,3843,active,1607166000,1607166000,0,0
859,False,1,1,1,1607157822,3844,4,0,21,0,1,3844,active,1607166000,1607166000,0,0
860,False,1,1,1,1607157823,3845,5,0,16,0,3,3845,active,1607166000,1607166000,0,0
861,False,1,1,1,1607157822,3846,3,0,22,0,2,3846,active,1607166000,1607166000,0,0
862,False,1,1,1,1607157823,3847,1,0,24,0,1,3847,active,1607166000,1607166000,0,0
863,False,1,1,1,1607157824,3848,3,0,29,0,2,3848,active,1607166000,1607166000,0,0
864,False,1,1,1,1607157824,3849,1,0,16,0,0,3849,active,1607166000,1607166000,0,0
865,False,1,1,1,1607157822,3850,12,0,13,0,1,3850,active,1607166000,1607166000,0,0
866,False,1,1,1,1607157822,3851,7,0,13,0,4,3851,active,1607166000,1607166000,0,0
867,False,1,1,1,1607157823,3852,16,0,1,0,2,3852,active,1607166000,1607166000,0,0
868,False,1,1,1,1607157823,3853,5,0,15,0,1,3853,active,1607166000,1607166000,0,0
869,False,1,1,1,1607157822,3854,7,0,17,0,1,3854,active,1607166000,1607166000,0,0
870,False,1,1,1,1607157823,3855,0,0,22,0,0,3855,active,1607166000,1607166000,0,0
871,False,1,1,1,1607157824,3856,15,0,10,0,6,3856,active,1607166000,1607166000,0,0
872,False,1,1,1,1607157822,3857,3,0,16,0,1,3857,active,1607166000,1607166000,0,0
873,False,1,1,1,1607164408,3858,17,0,3,0,7,3858,active,1607166000,1607166000,0,0
874,False,1,1,1,1607159028,3859,20,0,0,0,3,3859,active,1607166000,1607166000,0,0
875,False,1,1,1,1607157822,3860,2,1,23,0,0,3860,active,1607166000,1607166000,0,0
876,False,1,1,1,1607157823,3861,4,0,16,0,0,3861,active,1607166000,1607166000,0,0
877,False,1,1,1,1607157823,3862,1,0,17,0,0,3862,active,1607166000,1607166000,0,0
878,False,1,1,1,1607157824,3863,1,0,17,0,0,3863,active,1607166000,1607166000,0,0
879,False,1,1,1,1607157824,3864,3,0,27,0,1,3864,active,1607166000,1607166000,0,0
880,False,1,1,1,1607157823,3865,1,0,23,0,1,3865,active,1607166000,1607166000,0,0
881,False,1,1,1,1607165847,3866,17,0,15,0,1,3866,active,1607166000,1607166000,0,0
882,False,1,1,1,1607159028,3867,4,0,25,0,0,3867,active,1607166000,1607166000,0,0
883,False,1,1,1,1607157823,3868,0,0,19,0,0,3868,active,1607166000,1607166000,0,0
884,False,1,1,1,1607157922,3869,3,0,21,0,2,3869,active,1607166000,1607166000,0,0
885,False,1,1,1,1607157823,3870,3,1,16,0,3,3870,active,1607166000,1607166000,0,0
886,False,1,1,1,1607159029,3871,0,1,29,0,0,3871,active,1607166000,1607166000,0,0
887,False,1,1,1,1607159028,3872,2,0,17,0,0,3872,active,1607166000,1607166000,0,0
888,False,1,1,1,1607159027,3873,2,0,15,0,0,3873,active,1607166000,1607166000,0,0
889,False,1,1,1,1607159028,3874,2,0,14,0,2,3874,active,1607166000,1607166000,0,0
890,False,1,1,1,1607159029,3875,1,0,14,0,0,3875,active,1607166000,1607166000,0,0
891,False,1,1,1,1607159271,3876,5,0,18,0,5,3876,active,1607166000,1607166000,0,0
892,False,1,1,1,1607159028,3877,1,0,24,0,1,3877,active,1607166000,1607166000,0,0
893,False,1,1,1,1607159028,3878,2,0,17,0,1,3878,active,1607166000,1607166000,0,0
894,False,1,1,1,1607159029,3879,4,0,21,0,1,3879,active,1607166000,1607166000,0,0
895,False,1,1,1,1607164201,3880,4,1,22,0,1,3880,active,1607166000,1607166000,0,0
896,False,1,1,1,1607157823,3881,20,0,19,0,0,3881,active,1607166000,1607166000,0,0
897,False,1,1,1,1607159028,3882,4,2,9,0,1,3882,active,1607166000,1607166000,0,0
898,False,1,1,1,1607159028,3883,11,1,7,0,2,3883,active,1607166000,1607166000,0,0
899,False,1,1,1,1607159028,3884,0,0,23,0,0,3884,active,1607166000,1607166000,0,0
900,False,1,1,1,1607159029,3885,2,0,17,0,1,3885,active,1607166000,1607166000,0,0
901,False,1,1,1,1607159029,3886,1,0,19,0,0,3886,active,1607166000,1607166000,0,0
902,False,1,1,1,1607160236,3887,19,0,2,0,1,3887,active,1607166000,1607166000,0,0
903,False,1,1,1,1607159028,3888,0,0,19,0,0,3888,active,1607166000,1607166000,0,0
904,False,1,1,1,1607158273,3890,4,0,27,0,3,3890,active,1607166000,1607166000,0,0
905,False,1,1,1,1607157822,3891,2,0,18,0,0,3891,active,1607166000,1607166000,0,0
906,False,1,1,1,1607156616,3892,5,1,13,0,1,3892,active,1607166000,1607166000,0,0
907,False,1,1,1,1607159029,3893,5,1,19,0,4,3893,active,1607166000,1607166000,0,0
908,False,1,1,1,1607162739,3894,20,0,16,0,2,3894,active,1607166000,1607166000,0,1
909,False,1,1,1,1607159028,3895,0,0,25,0,0,3895,active,1607166000,1607166000,0,0
910,False,1,1,1,1607159029,3896,5,1,16,0,0,3896,active,1607166000,1607166000,0,0
911,False,1,1,1,1607159028,3897,6,1,10,0,4,3897,active,1607166000,1607166000,0,0
912,False,1,1,1,1607165342,3898,16,1,40,0,5,3898,active,1607166000,1607166000,1,0
913,False,1,1,1,1607154203,3899,15,0,3,0,0,3899,active,1607166000,1607166000,0,0
914,False,1,1,1,1607159033,3900,11,1,18,0,0,3900,active,1607166000,1607166000,0,0
915,False,1,1,1,1607159028,3901,3,0,14,0,2,3901,active,1607166000,1607166000,0,0
916,False,1,1,1,1607159028,3902,2,0,17,0,2,3902,active,1607166000,1607166000,0,0
917,False,1,1,1,1607159028,3903,7,0,10,0,2,3903,active,1607166000,1607166000,0,0
918,False,1,1,1,1607150586,3905,23,0,4,0,1,3905,active,1607166000,1607166000,0,0
919,False,1,1,1,1607151324,3906,14,3,15,0,1,3906,active,1607166000,1607166000,0,0
920,False,1,1,1,1607159028,3907,3,0,14,0,2,3907,active,1607166000,1607166000,0,0
921,False,1,1,1,1607159028,3909,0,0,20,0,0,3909,active,1607166000,1607166000,0,0
922,False,1,1,1,1607159029,3910,2,0,15,0,2,3910,active,1607166000,1607166000,0,0
923,False,1,1,1,1607154205,3911,17,1,4,0,1,3911,active,1607166000,1607166000,0,0
924,False,1,1,1,1607151376,3913,10,0,9,0,1,3913,active,1607166000,1607166000,0,0
925,False,1,1,1,1607162981,3914,8,3,28,0,5,3914,active,1607166000,1607166000,0,0
926,True,1,1,1,1607154195,3916,32,0,13,0,2,3916,active,1607166000,1607166000,0,0
927,False,1,1,1,1607149378,3917,19,0,12,0,0,3917,active,1607166000,1607166000,0,0
928,False,1,1,1,1607155273,3918,26,1,3,0,6,3918,active,1607166000,1607166000,0,0
929,False,1,1,1,1607149379,3919,26,1,10,0,2,3919,active,1607166000,1607166000,0,0
930,False,1,1,1,1607159029,3920,1,1,17,0,0,3920,active,1607166000,1607166000,0,0
931,False,1,1,1,1607159278,3921,7,0,12,0,3,3921,active,1607166000,1607166000,0,0
932,False,1,1,1,1607159030,3922,3,0,16,0,1,3922,active,1607166000,1607166000,0,0
933,False,1,1,1,1607159281,3923,7,2,8,0,2,3923,active,1607166000,1607166000,0,0
934,False,1,1,1,1607159029,3924,23,1,2,0,1,3924,active,1607166000,1607166000,0,0
935,False,1,1,1,1607162601,3925,15,1,5,0,0,3925,active,1607166000,1607166000,0,0
936,False,1,1,1,1607159028,3926,2,0,18,0,0,3926,active,1607166000,1607166000,0,0
937,False,1,1,1,1607159029,3927,5,0,22,0,0,3927,active,1607166000,1607166000,0,0
938,False,1,1,1,1607159030,3928,8,1,9,0,0,3928,active,1607166000,1607166000,0,0
939,False,1,1,1,1607159030,3929,7,1,11,0,0,3929,active,1607166000,1607166000,0,0
940,False,1,1,1,1607159029,3930,10,0,9,0,0,3930,active,1607166000,1607166000,0,0
941,False,1,1,1,1607159030,3931,5,0,18,0,3,3931,active,1607166000,1607166000,0,0
942,False,1,1,1,1607159029,3932,4,0,19,0,0,3932,active,1607166000,1607166000,0,0
943,False,1,1,1,1607160235,3933,3,0,16,0,1,3933,active,1607166000,1607166000,0,0
944,False,1,1,1,1607159029,3934,6,0,21,0,3,3934,active,1607166000,1607166000,0,0
945,False,1,1,1,1607159030,3935,4,0,15,0,2,3935,active,1607166000,1607166000,0,0
946,False,1,0,0,1607159029,3936,6,0,13,0,2,3936,active,1607166000,1607166000,0,0
947,False,1,1,1,1607159029,3937,6,0,17,0,3,3937,active,1607166000,1607166000,0,0
948,False,1,1,1,1607161438,3938,3,0,16,0,0,3938,active,1607166000,1607166000,0,0
949,False,1,1,1,1607159029,3939,3,0,18,0,0,3939,active,1607166000,1607166000,0,0
950,False,1,1,1,1607159029,3940,2,2,12,0,1,3940,active,1607166000,1607166000,0,0
951,False,1,1,1,1607159030,3941,3,0,14,0,1,3941,active,1607166000,1607166000,0,0
952,False,1,1,1,1607160235,3942,4,0,17,0,0,3942,active,1607166000,1607166000,0,0
953,False,1,1,1,1607161889,3944,3,0,27,0,0,3944,active,1607166000,1607166000,0,0
954,False,1,1,1,1607161936,3945,1,1,19,0,1,3945,active,1607166000,1607166000,0,0
955,False,1,1,1,1607159029,3946,5,0,16,0,2,3946,active,1607166000,1607166000,0,0
956,False,1,1,1,1607159029,3947,2,0,16,0,0,3947,active,1607166000,1607166000,0,0
957,False,1,1,1,1607159030,3948,4,0,19,0,1,3948,active,1607166000,1607166000,0,0
958,False,1,1,1,1607159029,3949,3,0,20,0,0,3949,active,1607166000,1607166000,0,0
959,False,1,1,1,1607159029,3950,4,0,15,0,1,3950,active,1607166000,1607166000,0,0
960,False,1,1,1,1607159029,3951,8,1,10,0,1,3951,active,1607166000,1607166000,0,0
961,False,1,1,1,1607160234,3952,3,0,16,0,0,3952,active,1607166000,1607166000,0,0
962,False,1,1,1,1607160235,3953,3,0,22,0,1,3953,active,1607166000,1607166000,0,0
963,False,1,1,1,1607159029,3955,4,0,15,0,0,3955,active,1607166000,1607166000,0,0
964,False,1,1,1,1607159029,3956,2,0,21,0,1,3956,active,1607166000,1607166000,0,0
965,False,1,1,1,1607159029,3957,6,0,13,0,2,3957,active,1607166000,1607166000,0,0
966,False,1,1,1,1607159029,3958,9,2,12,0,0,3958,active,1607166000,1607166000,0,0
967,False,1,1,1,1607160234,3959,0,0,31,0,0,3959,active,1607166000,1607166000,0,0
968,False,1,1,1,1607160234,3960,3,1,17,0,2,3960,active,1607166000,1607166000,0,0
969,False,1,1,1,1607159030,3961,17,1,1,0,0,3961,active,1607166000,1607166000,0,0
970,False,1,1,1,1607159030,3963,17,0,14,0,1,3963,active,1607166000,1607166000,0,0
971,False,1,1,1,1607160235,3964,5,1,14,0,0,3964,active,1607166000,1607166000,0,0
972,False,1,1,1,1607159030,3965,6,1,12,0,2,3965,active,1607166000,1607166000,0,0
973,False,1,1,1,1607160234,3966,4,0,15,0,2,3966,active,1607166000,1607166000,0,0
974,False,1,1,1,1607159030,3967,4,1,25,0,3,3967,active,1607166000,1607166000,0,0
975,False,1,1,1,1607160234,3968,8,0,13,0,6,3968,active,1607166000,1607166000,0,0
976,False,1,1,1,1607160234,3969,4,0,15,0,0,3969,active,1607166000,1607166000,0,0
977,False,1,1,1,1607160235,3970,14,1,4,0,1,3970,active,1607166000,1607166000,0,0
978,False,1,1,1,1607160235,3972,18,1,3,1,0,3972,active,1607166000,1607166000,0,0
979,False,1,1,1,1607160234,3973,6,0,20,0,2,3973,active,1607166000,1607166000,0,0
980,False,1,1,1,1607160235,3975,8,0,13,0,1,3975,active,1607166000,1607166000,0,0
981,False,1,1,1,1607160235,3976,12,0,7,0,1,3976,active,1607166000,1607166000,0,0
982,False,1,1,1,1607160235,3977,2,0,27,0,0,3977,active,1607166000,1607166000,0,0
983,False,1,1,1,1607160235,3978,4,0,14,0,1,3978,active,1607166000,1607166000,0,0
984,False,1,1,1,1607160235,3980,2,0,18,0,2,3980,active,1607166000,1607166000,0,0
985,False,1,1,1,1607160234,3981,1,1,22,0,0,3981,active,1607166000,1607166000,0,0
986,False,1,1,1,1607160235,3982,7,0,14,0,1,3982,active,1607166000,1607166000,0,0
987,False,1,1,1,1607160235,3983,0,1,22,0,0,3983,active,1607166000,1607166000,0,0
988,False,1,1,1,1607160234,3984,12,0,11,0,1,3984,active,1607166000,1607166000,0,0
989,False,1,1,1,1607160235,3985,1,1,20,0,1,3985,active,1607166000,1607166000,0,0
990,False,1,1,1,1607159029,3986,6,1,28,0,0,3986,active,1607166000,1607166000,1,0
991,False,1,1,1,1607159029,3987,1,0,22,0,1,3987,active,1607166000,1607166000,0,0
992,False,1,1,1,1607159028,3988,15,0,4,0,0,3988,active,1607166000,1607166000,0,0
993,False,1,1,1,1607159029,3989,5,0,17,0,5,3989,active,1607166000,1607166000,0,0
994,False,1,1,1,1607159028,3992,25,1,21,0,10,3992,active,1607166000,1607166000,0,0
995,False,1,1,1,1607159028,3994,21,0,9,0,4,3994,active,1607166000,1607166000,0,0
996,False,1,1,1,1607163228,3995,8,1,12,0,2,3995,active,1607166000,1607166000,0,0
997,False,1,1,1,1607159674,3996,23,0,1,0,1,3996,active,1607166000,1607166000,0,0
998,False,1,1,1,1607162912,3997,7,2,11,0,4,3997,active,1607166000,1607166000,0,1
999,False,1,1,1,1607159029,3998,20,1,8,0,2,3998,active,1607166000,1607166000,0,0
1000,False,1,1,1,1607160235,3999,10,2,11,0,5,3999,active,1607166000,1607166000,0,0
1001,False,1,1,1,1607159030,4000,14,0,8,0,0,4000,active,1607166000,1607166000,0,0
1002,False,1,1,1,1607160234,4001,7,1,16,0,0,4001,active,1607166000,1607166000,0,0
1003,False,1,1,1,1607159029,4002,6,0,18,0,0,4002,active,1607166000,1607166000,0,0
1004,False,1,1,1,1607159031,4004,2,1,18,0,1,4004,active,1607166000,1607166000,0,0
1005,False,1,1,1,1607159031,4005,2,0,22,0,2,4005,active,1607166000,1607166000,0,0
1006,False,1,1,1,1607160235,4006,14,0,11,0,0,4006,active,1607166000,1607166000,0,0
1007,False,1,1,1,1607159030,4007,9,0,21,0,0,4007,active,1607166000,1607166000,0,0
1008,False,0,0,0,86400,4008,0,0,0,0,0,4008,out_of_service,1607166000,1607166000,0,0
1009,False,1,1,1,1607159030,4009,3,0,32,0,0,4009,active,1607166000,1607166000,0,0
1010,False,1,1,1,1607164837,4010,1,0,23,0,0,4010,active,1607166000,1607166000,0,0
1011,False,1,1,1,1607162341,4011,8,1,16,0,0,4011,active,1607166000,1607166000,0,0
1012,False,1,1,1,1607160234,4012,3,0,20,0,2,4012,active,1607166000,1607166000,0,0
1013,False,1,1,1,1607160234,4013,0,0,24,0,0,4013,active,1607166000,1607166000,0,0
1014,False,1,1,1,1607160235,4014,6,0,16,0,3,4014,active,1607166000,1607166000,0,0
1015,False,1,1,1,1607160234,4015,17,0,14,0,5,4015,active,1607166000,1607166000,0,0
1016,False,1,1,1,1607160124,4016,4,0,18,0,1,4016,active,1607166000,1607166000,0,0
1017,False,1,1,1,1607159029,4017,8,0,14,0,1,4017,active,1607166000,1607166000,0,0
1018,False,1,1,1,1607160234,4018,3,1,17,0,0,4018,active,1607166000,1607166000,0,0
1019,False,1,1,1,1607159029,4019,2,1,14,0,2,4019,active,1607166000,1607166000,0,0
1020,False,1,1,1,1607159029,4020,6,0,16,0,2,4020,active,1607166000,1607166000,0,0
1021,False,1,1,1,1607159029,4021,8,1,12,0,1,4021,active,1607166000,1607166000,0,0
1022,False,1,1,1,1607159030,4023,2,0,22,0,0,4023,active,1607166000,1607166000,0,0
1023,False,1,1,1,1607160235,4024,11,0,22,0,2,4024,active,1607166000,1607166000,0,0
1024,False,1,1,1,1607160235,4025,1,0,19,0,1,4025,active,1607166000,1607166000,0,0
1025,False,1,1,1,1607160235,4027,2,0,21,0,1,4027,active,1607166000,1607166000,0,0
1026,False,1,1,1,1607160234,4028,7,0,12,0,1,4028,active,1607166000,1607166000,0,0
1027,False,1,1,1,1607160234,4029,4,1,18,0,1,4029,active,1607166000,1607166000,0,0
1028,False,1,1,1,1607160237,4030,14,0,9,0,2,4030,active,1607166000,1607166000,0,0
1029,False,1,1,1,1607160235,4031,6,1,12,0,0,4031,active,1607166000,1607166000,0,0
1030,False,1,1,1,1607160235,4032,18,0,1,0,2,4032,active,1607166000,1607166000,0,0
1031,False,1,1,1,1607160235,4034,4,0,23,0,1,4034,active,1607166000,1607166000,0,0
1032,False,1,1,1,1607160234,4035,2,0,18,0,2,4035,active,1607166000,1607166000,0,0
1033,False,1,1,1,1607160234,4036,18,2,16,0,3,4036,active,1607166000,1607166000,0,0
1034,False,1,1,1,1607160234,4037,10,0,29,0,3,4037,active,1607166000,1607166000,0,0
1035,False,1,1,1,1607160234,4038,3,0,26,0,0,4038,active,1607166000,1607166000,0,0
1036,False,1,1,1,1607151790,4040,31,1,19,0,1,4040,active,1607166000,1607166000,0,0
1037,False,1,1,1,1607160235,4041,4,2,12,0,3,4041,active,1607166000,1607166000,0,0
1038,False,1,1,1,1607155409,4043,3,2,19,0,1,4043,active,1607166000,1607166000,1,0
1039,False,1,1,1,1607154782,4044,29,2,18,0,3,4044,active,1607166000,1607166000,0,0
1040,False,1,1,1,1607165449,4045,16,1,22,0,2,4045,active,1607166000,1607166000,0,0
1041,False,1,1,1,1607160235,4047,3,1,23,0,1,4047,active,1607166000,1607166000,0,0
1042,False,1,1,1,1607163441,4048,4,0,16,0,3,4048,active,1607166000,1607166000,0,0
1043,False,1,1,1,1607160235,4050,6,0,15,0,4,4050,active,1607166000,1607166000,0,0
1044,False,1,1,1,1607160235,4051,4,0,22,0,3,4051,active,1607166000,1607166000,0,0
1045,False,1,1,1,1607160235,4052,9,0,18,0,6,4052,active,1607166000,1607166000,0,1
1046,False,1,1,1,1607160235,4053,0,0,19,0,0,4053,active,1607166000,1607166000,0,0
1047,False,1,1,1,1607160235,4054,9,0,10,0,5,4054,active,1607166000,1607166000,0,0
1048,False,1,1,1,1607160235,4055,4,0,23,0,3,4055,active,1607166000,1607166000,0,0
1049,False,1,1,1,1607162396,4056,11,1,12,0,9,4056,active,1607166000,1607166000,0,0
1050,False,1,1,1,1607160235,4057,10,0,13,0,2,4057,active,1607166000,1607166000,0,0
1051,False,1,1,1,1607150585,4058,13,0,28,0,0,4058,active,1607166000,1607166000,0,0
1052,False,1,1,1,1607160236,4059,6,0,25,0,2,4059,active,1607166000,1607166000,0,0
1053,False,1,1,1,1607160234,4060,9,0,14,0,0,4060,active,1607166000,1607166000,0,0
1054,False,1,1,1,1607160236,4061,2,0,22,0,2,4061,active,1607166000,1607166000,0,0
1055,False,1,1,1,1607160235,4062,1,0,22,0,1,4062,active,1607166000,1607166000,0,0
1056,False,1,1,1,1607160236,4063,0,0,24,0,0,4063,active,1607166000,1607166000,0,0
1057,False,1,1,1,1607159029,4064,11,0,12,0,0,4064,active,1607166000,1607166000,0,0
1058,False,1,1,1,1607160236,4065,22,0,13,0,8,4065,active,1607166000,1607166000,0,0
1059,False,1,1,1,1607160235,4066,0,0,23,0,0,4066,active,1607166000,1607166000,0,0
1060,False,1,1,1,1607160234,4067,8,0,15,0,0,4067,active,1607166000,1607166000,0,0
1061,False,1,1,1,1607160237,4068,4,0,26,0,3,4068,active,1607166000,1607166000,1,0
1062,False,1,1,1,1607160235,4069,1,0,23,0,1,4069,active,1607166000,1607166000,0,0
1063,False,1,1,1,1607160235,4070,3,1,20,0,3,4070,active,1607166000,1607166000,0,0
1064,False,1,1,1,1607160659,4071,7,0,15,0,1,4071,active,1607166000,1607166000,0,0
1065,False,1,1,1,1607160235,4072,20,0,20,0,2,4072,active,1607166000,1607166000,0,0
1066,False,1,1,1,1607160234,4073,16,3,16,0,4,4073,active,1607166000,1607166000,0,0
1067,False,1,1,1,1607160235,4074,3,0,20,0,0,4074,active,1607166000,1607166000,0,0
1068,True,1,1,1,1607164708,4075,15,0,23,0,7,4075,active,1607166000,1607166000,0,0
1069,False,1,1,1,1607160235,4076,13,1,15,0,3,4076,active,1607166000,1607166000,0,0
1070,False,1,1,1,1607161438,4078,10,0,21,0,0,4078,active,1607166000,1607166000,0,0
1071,False,1,1,1,1607160235,4079,2,1,18,0,2,4079,active,1607166000,1607166000,0,0
1072,False,1,1,1,1607161438,4080,0,1,20,0,0,4080,active,1607166000,1607166000,0,0
1073,False,1,1,1,1607165996,4081,2,0,19,0,0,4081,active,1607166000,1607166000,0,0
1074,False,1,1,1,1607160235,4082,5,2,23,0,0,4082,active,1607166000,1607166000,0,0
1075,False,1,1,1,1607160236,4083,5,1,14,0,2,4083,active,1607166000,1607166000,0,0
1076,False,1,1,1,1607160235,4084,0,0,22,0,0,4084,active,1607166000,1607166000,0,0
1077,False,1,1,1,1607160236,4085,6,1,18,0,6,4085,active,1607166000,1607166000,0,0
1078,False,1,1,1,1607160235,4086,12,1,8,0,0,4086,active,1607166000,1607166000,0,0
1079,False,1,1,1,1607160236,4087,2,0,20,0,2,4087,active,1607166000,1607166000,0,0
1080,False,1,1,1,1607160236,4088,1,1,18,0,0,4088,active,1607166000,1607166000,0,0
1081,False,1,1,1,1607160236,4090,0,0,21,0,0,4090,active,1607166000,1607166000,0,0
1082,False,1,1,1,1607160236,4091,1,17,3,0,0,4091,active,1607166000,1607166000,0,0
1083,False,1,1,1,1607160236,4092,4,0,15,0,1,4092,active,1607166000,1607166000,0,0
1084,False,1,1,1,1607160236,4093,2,0,23,0,0,4093,active,1607166000,1607166000,0,0
1085,False,1,1,1,1607160236,4094,6,1,14,0,4,4094,active,1607166000,1607166000,0,0
1086,False,1,1,1,1607161438,4095,2,0,19,0,0,4095,active,1607166000,1607166000,0,0
1087,False,1,1,1,1607159029,4096,0,1,29,0,0,4096,active,1607166000,1607166000,0,0
1088,False,1,1,1,1607160235,4098,0,0,20,0,0,4098,active,1607166000,1607166000,0,0
1089,False,1,1,1,1607160237,4099,12,0,9,0,0,4099,active,1607166000,1607166000,0,0
1090,False,1,1,1,1607160237,4101,11,0,8,0,0,4101,active,1607166000,1607166000,0,0
1091,False,1,1,1,1607160236,4102,0,0,22,0,0,4102,active,1607166000,1607166000,0,0
1092,False,1,1,1,1607160235,4103,1,0,18,0,1,4103,active,1607166000,1607166000,0,0
1093,False,1,1,1,1607160234,4104,1,1,18,0,1,4104,active,1607166000,1607166000,0,0
1094,False,1,1,1,1607160236,4105,1,0,20,0,1,4105,active,1607166000,1607166000,0,0
1095,False,1,1,1,1607160235,4106,1,1,17,0,1,4106,active,1607166000,1607166000,0,0
1096,False,1,1,1,1607164608,4107,4,0,20,0,3,4107,active,1607166000,1607166000,0,0
1097,False,1,1,1,1607160236,4108,16,0,3,0,0,4108,active,1607166000,1607166000,0,0
1098,False,1,1,1,1607160235,4109,7,0,14,0,2,4109,active,1607166000,1607166000,1,0
1099,False,1,1,1,1607151791,4110,27,2,1,0,1,4110,active,1607166000,1607166000,0,1
1100,False,1,1,1,1607161438,4112,12,0,6,0,1,4112,active,1607166000,1607166000,0,0
1101,False,1,1,1,1607161438,4113,10,0,12,0,4,4113,active,1607166000,1607166000,0,0
1102,False,1,1,1,1607161438,4114,1,0,24,0,0,4114,active,1607166000,1607166000,0,0
1103,False,1,1,1,1607161439,4115,22,0,3,0,0,4115,active,1607166000,1607166000,0,0
1104,False,1,1,1,1607160234,4116,0,0,19,0,0,4116,active,1607166000,1607166000,0,0
1105,False,1,1,1,1607157099,4117,25,0,2,0,8,4117,active,1607166000,1607166000,0,0
1106,False,1,1,1,1607152278,4118,36,3,6,0,6,4118,active,1607166000,1607166000,0,0
1107,False,1,1,1,1607165951,4120,18,0,25,0,11,4120,active,1607166000,1607166000,2,0
1108,False,1,1,1,1607164804,4121,36,0,17,0,2,4121,active,1607166000,1607166000,0,0
1109,True,1,1,1,1607154204,4122,12,2,39,0,5,4122,active,1607166000,1607166000,1,0
1110,False,1,1,1,1607154205,4123,2,2,21,0,2,4123,active,1607166000,1607166000,0,0
1111,False,1,1,1,1607154205,4124,2,0,46,0,2,4124,active,1607166000,1607166000,0,0
1112,False,1,1,1,1607160236,4125,22,0,15,0,3,4125,active,1607166000,1607166000,0,0
1113,False,1,1,1,1607161438,4126,3,0,16,0,0,4126,active,1607166000,1607166000,0,0
1114,False,1,1,1,1607160235,4127,1,0,18,0,1,4127,active,1607166000,1607166000,0,0
1115,False,1,1,1,1607160235,4128,6,1,17,0,1,4128,active,1607166000,1607166000,0,0
1116,False,1,1,1,1607161438,4129,0,0,19,0,0,4129,active,1607166000,1607166000,0,0
1117,False,1,1,1,1607160236,4130,12,0,10,0,7,4130,active,1607166000,1607166000,0,0
1118,False,1,1,1,1607164910,4131,2,0,17,0,1,4131,active,1607166000,1607166000,0,0
1119,False,1,1,1,1607160236,4132,4,0,15,0,2,4132,active,1607166000,1607166000,0,0
1120,False,1,1,1,1607160236,4133,0,0,20,0,0,4133,active,1607166000,1607166000,0,0
1121,False,1,1,1,1607160236,4134,15,0,9,0,2,4134,active,1607166000,1607166000,0,0
1122,False,1,1,1,1607160236,4135,0,0,23,0,0,4135,active,1607166000,1607166000,0,0
1123,False,1,1,1,1607161438,4136,19,0,3,0,4,4136,active,1607166000,1607166000,0,0
1124,False,1,1,1,1607162427,4137,8,2,17,0,6,4137,active,1607166000,1607166000,0,0
1125,False,1,1,1,1607161439,4138,5,0,14,0,3,4138,active,1607166000,1607166000,0,0
1126,False,1,1,1,1607161438,4139,0,0,19,0,0,4139,active,1607166000,1607166000,0,0
1127,False,1,1,1,1607161439,4140,0,0,24,0,0,4140,active,1607166000,1607166000,0,0
1128,False,1,1,1,1607160236,4141,7,0,13,0,3,4141,active,1607166000,1607166000,0,0
1129,False,1,1,1,1607161438,4142,3,0,16,0,3,4142,active,1607166000,1607166000,0,0
1130,False,1,1,1,1607161439,4143,3,1,17,0,2,4143,active,1607166000,1607166000,0,0
1131,False,1,1,1,1607161439,4144,7,0,15,0,5,4144,active,1607166000,1607166000,0,0
1132,False,1,1,1,1607161439,4146,4,0,26,0,0,4146,active,1607166000,1607166000,0,0
1133,False,1,1,1,1607160237,4147,4,0,15,0,0,4147,active,1607166000,1607166000,0,0
1134,False,1,1,1,1607160236,4148,6,0,21,0,0,4148,active,1607166000,1607166000,0,0
1135,False,1,1,1,1607161438,4149,1,0,19,0,1,4149,active,1607166000,1607166000,0,0
1136,False,0,0,0,1607023351,4151,0,1,2,0,0,4151,out_of_service,1607166000,1607166000,0,0
1137,False,1,1,1,1607161439,4152,0,0,21,0,0,4152,active,1607166000,1607166000,0,0
1138,False,1,1,1,1607161439,4153,2,0,25,0,0,4153,active,1607166000,1607166000,0,0
1139,False,1,1,1,1607160237,4154,0,1,18,0,0,4154,active,1607166000,1607166000,0,0
1140,False,1,1,1,1607161438,4155,1,1,17,0,0,4155,active,1607166000,1607166000,0,0
1141,False,1,1,1,1607161439,4156,1,0,18,0,1,4156,active,1607166000,1607166000,0,0
1142,False,1,1,1,1607161440,4157,2,0,17,0,1,4157,active,1607166000,1607166000,0,0
1143,False,1,1,1,1607161439,4158,2,0,17,0,2,4158,active,1607166000,1607166000,0,0
1144,False,1,1,1,1607161439,4159,12,1,6,0,2,4159,active,1607166000,1607166000,0,0
1145,False,1,1,1,1607161439,4160,18,0,1,0,3,4160,active,1607166000,1607166000,0,0
1146,False,1,1,1,1607161438,4161,17,0,2,0,0,4161,active,1607166000,1607166000,0,0
1147,False,1,1,1,1607161439,4162,5,2,12,0,0,4162,active,1607166000,1607166000,0,0
1148,False,1,1,1,1607161439,4163,13,0,6,0,1,4163,active,1607166000,1607166000,0,0
1149,False,1,1,1,1607165764,4164,17,0,2,1,6,4164,active,1607166000,1607166000,0,0
1150,False,1,1,1,1607160237,4165,3,0,16,0,1,4165,active,1607166000,1607166000,0,0
1151,False,1,1,1,1607160237,4166,15,2,10,0,1,4166,active,1607166000,1607166000,0,0
1152,False,1,1,1,1607161438,4167,1,0,18,0,0,4167,active,1607166000,1607166000,0,0
1153,False,1,1,1,1607161439,4168,12,0,7,0,1,4168,active,1607166000,1607166000,0,0
1154,False,1,1,1,1607161438,4169,3,0,18,0,1,4169,active,1607166000,1607166000,0,0
1155,False,1,1,1,1607161438,4170,4,0,15,0,2,4170,active,1607166000,1607166000,0,0
1156,False,1,1,1,1607161439,4171,1,0,20,0,0,4171,active,1607166000,1607166000,0,0
1157,False,1,1,1,1607161438,4172,4,0,15,0,1,4172,active,1607166000,1607166000,0,0
1158,False,1,1,1,1607161439,4173,4,1,15,0,2,4173,active,1607166000,1607166000,0,0
1159,False,1,1,1,1607161439,4174,15,1,5,0,3,4174,active,1607166000,1607166000,0,0
1160,False,1,1,1,1607161439,4175,12,1,7,0,2,4175,active,1607166000,1607166000,0,0
1161,False,1,1,1,1607161439,4177,0,0,20,0,0,4177,active,1607166000,1607166000,0,0
1162,False,1,1,1,1607161439,4179,9,0,14,0,0,4179,active,1607166000,1607166000,0,0
1163,False,1,1,1,1607161439,4180,8,1,11,0,4,4180,active,1607166000,1607166000,0,0
1164,False,1,1,1,1607161439,4181,5,0,15,0,0,4181,active,1607166000,1607166000,0,0
1165,False,1,1,1,1607161438,4182,9,0,10,0,0,4182,active,1607166000,1607166000,0,0
1166,False,1,1,1,1607162775,4183,4,2,13,0,0,4183,active,1607166000,1607166000,0,0
1167,False,1,1,1,1607161438,4185,14,0,5,0,4,4185,active,1607166000,1607166000,0,0
1168,False,1,1,1,1607161438,4186,7,0,20,0,3,4186,active,1607166000,1607166000,0,0
1169,False,1,1,1,1607163999,4188,24,0,7,0,18,4188,active,1607166000,1607166000,0,0
1170,False,1,1,1,1607161440,4189,4,1,14,0,2,4189,active,1607166000,1607166000,0,0
1171,False,1,1,1,1607161439,4190,7,1,11,0,5,4190,active,1607166000,1607166000,0,0
1172,False,1,1,1,1607161438,4191,4,0,16,0,3,4191,active,1607166000,1607166000,0,0
1173,False,1,1,1,1607161440,4192,9,0,10,0,3,4192,active,1607166000,1607166000,0,0
1174,False,1,1,1,1607161438,4193,2,0,19,0,1,4193,active,1607166000,1607166000,0,0
1175,False,1,1,1,1607161438,4194,18,0,12,0,3,4194,active,1607166000,1607166000,0,0
1176,False,1,1,1,1607161439,4195,21,0,9,0,0,4195,active,1607166000,1607166000,0,0
1177,False,1,1,1,1607161438,4198,5,0,16,0,3,4198,active,1607166000,1607166000,0,0
1178,False,1,1,1,1607161443,4199,3,0,18,0,3,4199,active,1607166000,1607166000,0,0
1179,False,1,1,1,1607161440,4200,6,1,20,0,2,4200,active,1607166000,1607166000,0,0
1180,False,1,1,1,1607161438,4201,13,2,6,0,4,4201,active,1607166000,1607166000,0,0
1181,False,1,1,1,1607161438,4202,5,0,14,0,0,4202,active,1607166000,1607166000,0,0
1182,False,1,1,1,1607161439,4203,2,0,19,0,2,4203,active,1607166000,1607166000,0,0
1183,False,1,1,1,1607161439,4204,1,2,17,0,0,4204,active,1607166000,1607166000,0,0
1184,False,1,1,1,1607161440,4205,12,0,7,0,1,4205,active,1607166000,1607166000,0,0
1185,False,1,1,1,1607161438,4206,1,0,26,0,1,4206,active,1607166000,1607166000,0,0
1186,False,1,1,1,1607161438,4207,1,1,17,0,0,4207,active,1607166000,1607166000,0,0
1187,False,1,1,1,1607161439,4208,13,1,5,0,3,4208,active,1607166000,1607166000,0,0
1188,False,1,1,1,1607161438,4209,0,0,18,0,0,4209,active,1607166000,1607166000,0,0
1189,False,1,1,1,1607161439,4210,0,0,24,0,0,4210,active,1607166000,1607166000,0,0
1190,False,1,1,1,1607161439,4211,2,0,17,0,2,4211,active,1607166000,1607166000,0,0
1191,False,1,1,1,1607161438,4212,2,1,16,0,1,4212,active,1607166000,1607166000,0,0
1192,False,1,1,1,1607161439,4213,0,0,19,0,0,4213,active,1607166000,1607166000,0,0
1193,False,1,1,1,1607161439,4219,7,0,25,0,1,4219,active,1607166000,1607166000,0,0
1194,False,1,1,1,1607165683,4220,9,4,14,0,4,4220,active,1607166000,1607166000,0,0
1195,False,1,1,1,1607161438,4222,10,0,17,0,1,4222,active,1607166000,1607166000,1,0
1196,False,1,1,1,1607161438,4225,4,2,27,0,0,4225,active,1607166000,1607166000,0,0
1197,False,1,1,1,1607161440,4227,2,0,17,0,0,4227,active,1607166000,1607166000,0,0
1198,False,1,1,1,1607161438,4228,1,0,18,0,1,4228,active,1607166000,1607166000,0,0
1199,False,1,1,1,1607152265,4229,5,0,19,0,1,4229,active,1607166000,1607166000,0,0
1200,False,1,1,1,1607161439,4230,1,0,18,0,0,4230,active,1607166000,1607166000,0,0
1201,False,1,1,1,1607157857,4232,16,0,29,0,2,4232,active,1607166000,1607166000,0,0
1202,False,1,1,1,1607161439,4235,6,1,48,0,4,4235,active,1607166000,1607166000,0,0
1203,False,1,1,1,1607165144,4236,4,0,55,0,1,4236,active,1607166000,1607166000,0,0
1204,False,1,1,1,1607161439,4238,6,0,73,0,1,4238,active,1607166000,1607166000,0,0
1205,False,1,1,1,1607161439,4245,5,1,18,0,0,4245,active,1607166000,1607166000,0,0
1206,False,1,1,1,1607161439,4247,3,0,18,0,2,4247,active,1607166000,1607166000,0,0
1207,False,1,1,1,1607161438,4249,17,0,8,0,2,4249,active,1607166000,1607166000,0,0
1208,False,1,1,1,1607161439,4250,0,0,19,0,0,4250,active,1607166000,1607166000,0,0
1209,False,0,0,0,86400,4252,0,0,0,0,0,4252,out_of_service,1607166000,1607166000,0,0
1210,False,0,0,0,86400,4253,0,0,0,0,0,4253,out_of_service,1607166000,1607166000,0,0
